fecha,anio,medio,titulo,enlace,categoria,fuente_blog,estado,nota
"2026-09-21","2026","Canal 13","Menos días, pero más muertes en accidentes de tránsito durante las Fiestas Patrias","","entrevista","https://blog.ariellopez.cl/en-la-prensa-2026-ab565e1372b4","curado",""
"2026-09-21","2026","Chilevisión","Agentes antievasión deberán validar su utilidad","","entrevista","https://blog.ariellopez.cl/en-la-prensa-2026-ab565e1372b4","curado",""
"2026-09-20","2026","Canal 13","Gobierno negocia con concesionarias para bajar el TAG","","entrevista","https://blog.ariellopez.cl/en-la-prensa-2026-ab565e1372b4","curado",""
"2026-09-08","2026","La Tercera","De Grange promete seguir impulsando la electromovilidad en cuenta pública del MTT y expertos cuestionan sus anuncios","https://www.latercera.com/nacional/noticia/de-grange-promete-seguir-impulsando-la-electromovilidad-en-cuenta-publica-del-mtt-y-expertos-cuestionan-sus-anuncios/","entrevista","https://blog.ariellopez.cl/en-la-prensa-2026-ab565e1372b4","curado","Publicación del medio: 2026-09-09."
"2026-09-03","2026","Canal 13","¿Se pudo evitar la tragedia del Metro?","","entrevista","https://blog.ariellopez.cl/en-la-prensa-2026-ab565e1372b4","curado",""
"2026-09-02","2026","Chilevisión","Conflicto sobre ruedas merece más de una vuelta","","entrevista","https://blog.ariellopez.cl/en-la-prensa-2026-ab565e1372b4","curado",""
"2026-08-23","2026","Chilevisión","Algunas estaciones llevan meses sin ascensor","","entrevista","https://blog.ariellopez.cl/en-la-prensa-2026-ab565e1372b4","curado",""
"2026-08-20","2026","Canal 13","Quedó atrapada en puerta y micro la arrolló","","entrevista","https://blog.ariellopez.cl/en-la-prensa-2026-ab565e1372b4","curado",""
"2026-08-14","2026","La Tercera","A 40 años de la restricción vehicular en Chile: 2026 registra 116 mil citaciones por circular en días indebidos","https://www.latercera.com/nacional/noticia/a-40-anos-de-la-restriccion-vehicular-en-chile-2026-registra-116-mil-citaciones-por-circular-en-dias-indebidos/","entrevista","https://blog.ariellopez.cl/en-la-prensa-2026-ab565e1372b4","curado",""
"2026-08-04","2026","El Mercurio","Fallas en trenes más antiguos del Metro hacen crecer dudas sobre su vida útil y mantención","","entrevista","https://blog.ariellopez.cl/en-la-prensa-2026-ab565e1372b4","curado",""
"2026-08-02","2026","Revista Pedalea","¿Qué construir primero? EVA: la herramienta que pone orden al rompecabezas de 820 km.","https://revistapedalea.com/que-construir-primero-eva-la-herramienta-que-pone-orden-al-rompecabezas-de-820-km/","entrevista","https://blog.ariellopez.cl/en-la-prensa-2026-ab565e1372b4","curado",""
"2026-08-01","2026","The Clinic","El incendio que expuso la otra deuda del Metro: la encapsulada sustancia prohibida que nunca salió de sus trenes más antiguos","https://www.theclinic.cl/2026/08/01/el-incendio-que-expuso-la-otra-deuda-del-metro-la-sustancia-prohibida-que-nunca-salio-de-sus-trenes-mas-antiguos/","entrevista","https://blog.ariellopez.cl/en-la-prensa-2026-ab565e1372b4","curado",""
"2026-07-31","2026","El Dínamo","¿Falla más que antes el Metro de Santiago? Las cifras y lo que hay detrás de los incidentes que afectan a miles de usuarios","https://www.eldinamo.cl/pais/2026/08/01/falla-mas-que-antes-el-metro-de-santiago-las-cifras-y-lo-que-hay-detras-de-los-incidentes-que-afectan-a-miles-de-usuarios/","entrevista","https://blog.ariellopez.cl/en-la-prensa-2026-ab565e1372b4","curado","Publicación del medio: 2026-08-01."
"2026-07-29","2026","CNN Chile","Incendio en Metro abre debate sobre renovación de trenes","","entrevista","https://blog.ariellopez.cl/en-la-prensa-2026-ab565e1372b4","curado",""
"2026-07-29","2026","La Tercera","Línea de transmisión: el proyecto eléctrico que tendrá a la Avenida Andrés Bello con cortes de tránsito por más de un año","https://www.latercera.com/nacional/noticia/linea-de-transmision-el-proyecto-electrico-que-tendra-a-la-avenida-andres-bello-con-cortes-de-transito-por-mas-de-un-ano/","entrevista","https://blog.ariellopez.cl/en-la-prensa-2026-ab565e1372b4","curado",""
"2026-07-28","2026","Canal 13","¿Qué provocó el incendio en el Metro?","","entrevista","https://blog.ariellopez.cl/en-la-prensa-2026-ab565e1372b4","curado",""
"2026-07-28","2026","Latamobility","Chile: Restricciones presupuestarias impulsan la reconversión de buses como alternativa al modelo tradicional de renovación de flotas","https://latamobility.com/chilea-reconversion-buses-alternativa-flotas/","entrevista","https://blog.ariellopez.cl/en-la-prensa-2026-ab565e1372b4","curado",""
"2026-06-24","2026","Radio Bío Bío","¿Prohibir scooter en Chile como se hizo en España?","","entrevista","https://blog.ariellopez.cl/en-la-prensa-2026-ab565e1372b4","curado",""
"2026-06-23","2026","Experiencia Tech","El desafío de una movilidad inteligente","","entrevista","https://blog.ariellopez.cl/en-la-prensa-2026-ab565e1372b4","curado",""
"2026-06-22","2026","Canal 13","Manejó a 264 km/h y quedó en libertad","","entrevista","https://blog.ariellopez.cl/en-la-prensa-2026-ab565e1372b4","curado",""
"2026-06-12","2026","Radio 13C","Contraloría rechazó las modificaciones a la Ley Uber propuestas por el ministro de transportes","","entrevista","https://blog.ariellopez.cl/en-la-prensa-2026-ab565e1372b4","curado",""
"2026-06-10","2026","TVN","¿Hay menos frecuencia de buses en Santiago?","https://www.tvn.cl/programas/buenos-dias-a-todos/actualidad/experto-en-transporte-explica-las-razones-de-la-aparente-baja-en-frecuencia-video","entrevista","https://blog.ariellopez.cl/en-la-prensa-2026-ab565e1372b4","curado",""
"2026-06-08","2026","Contrapoder","Registro del Congreso revela que exdiputado y actual director nacional de Migraciones gastó casi $10 millones en combustible","https://contrapoderchile.cl/registro-del-congreso-revela-que-exdiputado-y-actual-director-nacional-de-migraciones-gasto-casi-10-millones-en-combustible/","entrevista","https://blog.ariellopez.cl/en-la-prensa-2026-ab565e1372b4","curado",""
"2026-06-05","2026","La Tercera","Grandes filas y aglomeraciones en horario peak: ¿por qué Metro tiene pocas boleterías habilitadas?","https://www.latercera.com/nacional/noticia/grandes-filas-y-aglomeraciones-en-horario-peak-por-que-metro-tiene-pocas-boleterias-habilitadas/","entrevista","https://blog.ariellopez.cl/en-la-prensa-2026-ab565e1372b4","curado",""
"2026-06-03","2026","Turno","¿Ha bajado la frecuencia de las micros?","","entrevista","https://blog.ariellopez.cl/en-la-prensa-2026-ab565e1372b4","curado",""
"2026-06-02","2026","Canal 13","Tacos eternos, la pesadilla de Chicureo","","entrevista","https://blog.ariellopez.cl/en-la-prensa-2026-ab565e1372b4","curado",""
"2026-06-01","2026","Publimetro","Endurecen sanciones contra quienes evadan el transporte público: infractores arriesgan perder acceso a pasaporte y estadios","https://www.publimetro.cl/noticias/2026/06/01/endurecen-sanciones-contra-quienes-evadan-el-transporte-publico-infractores-arriesgan-perder-acceso-a-pasaporte-y-estadios/","entrevista","https://blog.ariellopez.cl/en-la-prensa-2026-ab565e1372b4","curado",""
"2026-05-31","2026","Chilevisión","Evasiones: Contraloría aprueba duras sanciones","","entrevista","https://blog.ariellopez.cl/en-la-prensa-2026-ab565e1372b4","curado",""
"2026-05-29","2026","El Desconcierto","Ministerio de Transportes en el dardo del gobierno para posible fusión de cartera con Obras Públicas","https://eldesconcierto.cl/actualidad/ministerio-transportes-el-dardo-del-gobierno-posible-fusion-cartera-obras-publicas-n5459191","entrevista","https://blog.ariellopez.cl/en-la-prensa-2026-ab565e1372b4","curado",""
"2026-05-29","2026","La Tercera","Tacos kilométricos, tag costoso y triple de población truncan la promesa idílica de una vida tranquila en Chicureo","https://www.latercera.com/nacional/noticia/tacos-kilometricos-tag-costoso-y-alta-densidad-truncan-la-promesa-idilica-de-una-vida-tranquila-en-chicureo/","entrevista","https://blog.ariellopez.cl/en-la-prensa-2026-ab565e1372b4","curado",""
"2026-05-28","2026","Chilevisión","Pasajeros de Buin y Talagante pasan 5 horas en el transporte público","","entrevista","https://blog.ariellopez.cl/en-la-prensa-2026-ab565e1372b4","curado",""
"2026-05-21","2026","La Tercera","La posibilidad de potenciar el MOP junto al MTT es muy virtuosa: las primeras definiciones del biministro De Grange","https://www.latercera.com/nacional/noticia/la-posibilidad-de-potenciar-el-mop-junto-al-mtt-es-muy-virtuosa-las-primeras-definiciones-del-biministro-de-grange/","entrevista","https://blog.ariellopez.cl/en-la-prensa-2026-ab565e1372b4","curado",""
"2026-05-18","2026","La Tercera","Transportes busca extender la vigencia del Certificado de Homologación de autos nuevos en 12 meses","https://www.latercera.com/nacional/noticia/transportes-busca-extender-la-vigencia-del-certificado-de-homologacion-de-autos-nuevos-en-12-meses/","entrevista","https://blog.ariellopez.cl/en-la-prensa-2026-ab565e1372b4","curado","Publicación del medio: 2026-05-19."
"2026-05-17","2026","El Desconcierto","Experto revela recortes en micros y fallas ocultas en metro","","entrevista","https://blog.ariellopez.cl/en-la-prensa-2026-ab565e1372b4","curado",""
"2026-05-15","2026","Radio La Metro","La accesibilidad no se mide en porcentajes de dispositivos dañados, porque un ascensor es parte de una trayectoria, un ascensor dañado corta el trayecto completo","","entrevista","https://blog.ariellopez.cl/en-la-prensa-2026-ab565e1372b4","curado",""
"2026-05-15","2026","The Clinic","Recorte de más de $56 mil millones en Transporte enciende alertas por posibles impactos en buses regionales y electromovilidad","https://www.theclinic.cl/2026/05/15/recorte-de-mas-de-56-mil-millones-en-transporte-enciende-alertas-por-posibles-impactos-en-buses-regionales-y-electromovilidad/","entrevista","https://blog.ariellopez.cl/en-la-prensa-2026-ab565e1372b4","curado",""
"2026-05-15","2026","TVN","Metro: récord de escaleras mecánicas y ascensores malos","","entrevista","https://blog.ariellopez.cl/en-la-prensa-2026-ab565e1372b4","curado",""
"2026-05-13","2026","Radio ADN","Aumento de flujo y de fallas en el Metro de Santiago","","entrevista","https://blog.ariellopez.cl/en-la-prensa-2026-ab565e1372b4","curado",""
"2026-05-13","2026","Radio Bío Bío","Metro reconoce aumento en problemas con ascensores y escaleras mecánicas y anuncia más técnicos","https://www.biobiochile.cl/noticias/nacional/region-metropolitana/2026/05/13/metro-reconoce-aumento-en-problemas-con-ascensores-y-escaleras-mecanicas-y-anuncia-mas-tecnicos.shtml","entrevista","https://blog.ariellopez.cl/en-la-prensa-2026-ab565e1372b4","curado",""
"2026-05-13","2026","Radio Bío Bío","Aumentan las fallas de escaleras y ascensores en el Metro de Santiago","","entrevista","https://blog.ariellopez.cl/en-la-prensa-2026-ab565e1372b4","curado",""
"2026-05-12","2026","Chilevisión","Metro, reportan récord de fallas en abril","","entrevista","https://blog.ariellopez.cl/en-la-prensa-2026-ab565e1372b4","curado",""
"2026-05-12","2026","Doble Espacio","No hay menos buses, pero hay más pasajeros: el alza del combustible golpea al transporte público","","entrevista","https://blog.ariellopez.cl/en-la-prensa-2026-ab565e1372b4","curado",""
"2026-05-12","2026","Mega","1 de cada 3 estaciones del Metro de Santiago presenta falla","","entrevista","https://blog.ariellopez.cl/en-la-prensa-2026-ab565e1372b4","curado",""
"2026-05-12","2026","Meganoticias","Récord de fallas en estaciones de Metro","","entrevista","https://blog.ariellopez.cl/en-la-prensa-2026-ab565e1372b4","curado",""
"2026-05-11","2026","CNN Chile","Reportan cifra récord de escaleras mecánicas y ascensores dañados en el Metro de Santiago: Línea 5 es la más afectada","https://www.cnnchile.com/pais/reportan-cifra-record-de-escaleras-mecanicas-y-ascensores-danados-en-el-metro-de-santiago-linea-5-es-la-mas-afectada/","entrevista","https://blog.ariellopez.cl/en-la-prensa-2026-ab565e1372b4","curado",""
"2026-05-11","2026","Diario USACH","Más de 40 equipos fuera de servicio: Denuncian aumento de desperfectos en el Metro de Santiago","https://www.diariousach.cl/mas-de-40-equipos-fuera-de-servicio-denuncian-aumento-de-desperfectos-en","entrevista","https://blog.ariellopez.cl/en-la-prensa-2026-ab565e1372b4","curado",""
"2026-05-11","2026","La Tercera","Récord de escaleras mecánicas y ascensores malos: la compleja situación que enfrenta el Metro de Santiago","https://www.latercera.com/nacional/noticia/record-de-escaleras-mecanicas-y-ascensores-malos-la-compleja-situacion-que-enfrenta-metro-de-santiago/","entrevista","https://blog.ariellopez.cl/en-la-prensa-2026-ab565e1372b4","curado","Publicación del medio: 2026-05-12."
"2026-05-10","2026","Canal 13","Santiaguinos se niegan a dejar el auto","","entrevista","https://blog.ariellopez.cl/en-la-prensa-2026-ab565e1372b4","curado",""
"2026-05-08","2026","LUN","Pedro Carcuro aclara agresión en Uber: “Me da miedo que les pueda pasar a otras personas”","https://www.lun.com/Pages/NewsDetail.aspx?EsAviso=0&PaginaId=14&bodyid=0&dt=2026-05-08","entrevista","https://blog.ariellopez.cl/en-la-prensa-2026-ab565e1372b4","curado",""
"2026-05-07","2026","Fast Check","Ariel López, experto en transporte público: “Tenemos empresas que sacan menos buses de los que deberían sacar”","","entrevista","https://blog.ariellopez.cl/en-la-prensa-2026-ab565e1372b4","curado",""
"2026-05-06","2026","Canal 13","Hay menos micros y el Metro está más lleno?","","entrevista","https://blog.ariellopez.cl/en-la-prensa-2026-ab565e1372b4","curado",""
"2026-05-06","2026","La Tercera","El desafío hoy es el déficit habitaciona: las ciclovías pasan al fondo de las prioridades para el gobierno de Kast","","entrevista","https://blog.ariellopez.cl/en-la-prensa-2026-ab565e1372b4","curado",""
"2026-05-04","2026","Radio ADN","Aumento de flujo de pasajeros en el transporte público tras el aumento del precio de los combustibles","","entrevista","https://blog.ariellopez.cl/en-la-prensa-2026-ab565e1372b4","curado",""
"2026-05-01","2026","Canal 13","Gobierno ajusta sistema de transporte","","entrevista","https://blog.ariellopez.cl/en-la-prensa-2026-ab565e1372b4","curado",""
"2026-04-30","2026","Teletrece","Fallas en escaleras mecánicas y ascensores del Metro","","entrevista","https://blog.ariellopez.cl/en-la-prensa-2026-ab565e1372b4","curado",""
"2026-04-29","2026","Chilevisión","Mayor falla de escaleras mecánicas en un año","","entrevista","https://blog.ariellopez.cl/en-la-prensa-2026-ab565e1372b4","curado",""
"2026-04-29","2026","El Desconcierto","Metro de Santiago y sus problemas de accesibilidad: denuncian récord de escaleras mecánicas y ascensores malos","https://eldesconcierto.cl/actualidad/metro-santiago-y-sus-problemas-accesibilidad-denuncian-record-escaleras-mecanicas-ascensores-malos-n5458447?utm_medium=Social&utm_source=Twitter&utm_term=Autofeed","entrevista","https://blog.ariellopez.cl/en-la-prensa-2026-ab565e1372b4","curado",""
"2026-04-28","2026","Radio Bío Bío","Reglamento de apps de transporte divide opinión de expertos mientras taxis acusan competencia desigual","https://www.biobiochile.cl/noticias/nacional/chile/2026/04/28/ley-uber-reglamento-de-apps-de-transporte-divide-opiniones-taxis-acusan-desregulacion-y-competencia-desigual.shtml","entrevista","https://blog.ariellopez.cl/en-la-prensa-2026-ab565e1372b4","curado",""
"2026-04-27","2026","Radio T13C","Nivelar para abajo: el nuevo reglamento de Ley Uber","https://radio13c.cl/show/corresponsales/episode/corresponsales-26272345","entrevista","https://blog.ariellopez.cl/en-la-prensa-2026-ab565e1372b4","curado",""
"2026-04-22","2026","Radio Bío Bío","¿Menor flujo de buses en Santiago?","","entrevista","https://blog.ariellopez.cl/en-la-prensa-2026-ab565e1372b4","curado",""
"2026-04-20","2026","Chilevisión","Gobierno evalúa bajar tarifa del TAG","","entrevista","https://blog.ariellopez.cl/en-la-prensa-2026-ab565e1372b4","curado",""
"2026-04-19","2026","Chilevisión","Paraderos llenos: menos micros o más pasajeros","","entrevista","https://blog.ariellopez.cl/en-la-prensa-2026-ab565e1372b4","curado","La página documenta un video de YouTube, pero el enlace no pudo resolverse de forma estable."
"2026-04-15","2026","Contrapoder","El estudio que desmiente al Ministerio de Transportes y confirma que hay menos buses en circulación","https://contrapoderchile.cl/el-estudio-que-desmiente-al-ministerio-de-transportes-y-confirma-que-hay-menos-buses-en-circulacion/","entrevista","https://blog.ariellopez.cl/en-la-prensa-2026-ab565e1372b4","curado",""
"2026-04-12","2026","Meganoticias","¿Fin de los buses “oruga” por las noches?","","entrevista","https://blog.ariellopez.cl/en-la-prensa-2026-ab565e1372b4","curado",""
"2026-04-10","2026","LaBot","De Grange y la Ley Uber: ¿un ministro comprometido?","https://robotlabot.substack.com/p/de-grange-y-la-ley-uber-un-ministro","entrevista","https://blog.ariellopez.cl/en-la-prensa-2026-ab565e1372b4","curado",""
"2026-04-10","2026","Teletrece","Filas en paraderos ¿hay menos micros en Santiago?","https://www.t13.cl/videos/nacional/filas-paraderos-hay-menos-micros-santiago-10-4-2026","entrevista","https://blog.ariellopez.cl/en-la-prensa-2026-ab565e1372b4","curado",""
"2026-04-09","2026","Radio Bío Bío","Expectativa vs realidad: video revela cómo está quedando la vía “semipeatonal” de calle Bandera","https://www.biobiochile.cl/noticias/nacional/region-metropolitana/2026/04/09/expectativa-vs-realidad-video-revela-como-esta-quedando-la-via-semipeatonal-de-calle-bandera.shtml","entrevista","https://blog.ariellopez.cl/en-la-prensa-2026-ab565e1372b4","curado",""
"2026-04-03","2026","El Desconcierto","Menos micros fines de semana, noche y sin “orugas”: el recorte del ministro Louis de Grange para recorridos de buses en RM","https://eldesconcierto.cl/reportajes/menos-micros-fines-semana-noche-y-orugas-el-recorte-del-ministro-louis-grange-recorridos-buses-rm-n5457738","entrevista","https://blog.ariellopez.cl/en-la-prensa-2026-ab565e1372b4","curado",""
"2026-03-24","2026","Radio ADN","Un bus eléctrico es un 60% más eficiente que uno a diésel","https://www.adnradio.cl/2026/03/24/magister-en-urbanismo-de-la-u-de-chile-un-bus-electrico-es-un-60-mas-eficiente-que-uno-a-diesel/","entrevista","https://blog.ariellopez.cl/en-la-prensa-2026-ab565e1372b4","curado",""
"2026-03-23","2026","Chilevisión","El transporte público es más barato que el automóvil","","entrevista","https://blog.ariellopez.cl/en-la-prensa-2026-ab565e1372b4","curado",""
"2026-03-23","2026","Súbela Radio","¿Qué implican las reformas del MEPCO en nuestro bolsillo?","","entrevista","https://blog.ariellopez.cl/en-la-prensa-2026-ab565e1372b4","curado",""
"2026-03-22","2026","TVN","Gobierno descarta reducción de buses operativos de flota Red","","entrevista","https://blog.ariellopez.cl/en-la-prensa-2026-ab565e1372b4","curado",""
"2026-03-17","2026","LUN","Por qué las autopistas están obligadas a brindar seguridad a los usuarios","https://www.lun.com/Pages/NewsDetail.aspx?EsAviso=0&PaginaId=2&bodyid=0&dt=2026-03-18","entrevista","https://blog.ariellopez.cl/en-la-prensa-2026-ab565e1372b4","curado","Entrevista fechada 2026-03-17 en el archivo; edición LUN enlazada: 2026-03-18."
"2026-03-04","2026","Canal 13","Asfaltaron la calle y taparon los desagües","","entrevista","https://blog.ariellopez.cl/en-la-prensa-2026-ab565e1372b4","curado","La página documenta video de YouTube; URL no resuelta de forma estable."
"2026-03-04","2026","Radio Bío Bío","Ley Uber: De Grange solicita a Muñoz no publicar reglamento antes del cambio de mando","https://www.biobiochile.cl/noticias/nacional/chile/2026/03/04/ley-uber-de-grange-solicita-a-munoz-no-publicar-reglamento-antes-del-cambio-de-mando.shtml","entrevista","https://blog.ariellopez.cl/en-la-prensa-2026-ab565e1372b4","curado",""
"2026-03-03","2026","Radio Bío Bío","Denuncian que reasfaltado de calle Bandera tapó desagües de lluvia: Serviu responde","https://www.biobiochile.cl/noticias/nacional/region-metropolitana/2026/03/03/denuncian-que-reasfaltado-de-calle-bandera-tapo-desagues-de-lluvia-serviu-responde.shtml","entrevista","https://blog.ariellopez.cl/en-la-prensa-2026-ab565e1372b4","curado",""
"2026-02-23","2026","Sabes.cl","“No está mal ubicado, solo que las condiciones del caso de Coronel no son las normales”: Experto explica ubicación de polémico paradero de la Ruta 160","https://sabes.cl/2026/02/23/no-esta-mal-ubicado-solo-que-las-condiciones-del-caso-de-coronel-no-son-las-normales-experto-explica-ubicacion-de-polemico-paradero-de-la-ruta-160/","entrevista","https://blog.ariellopez.cl/en-la-prensa-2026-ab565e1372b4","curado",""
"2026-02-20","2026","Radio Bío Bío","Gremios y expertos llaman a reforzar fiscalización de camiones de carga ante tragedia en Renca","https://www.biobiochile.cl/noticias/nacional/region-metropolitana/2026/02/20/gremios-y-expertos-llaman-a-reforzar-fiscalizacion-de-camiones-de-carga-ante-tragedia-en-renca.shtml","entrevista","https://blog.ariellopez.cl/en-la-prensa-2026-ab565e1372b4","curado",""
"2026-02-18","2026","Radio Bío Bío","Propuesta de futuro ministro de Transportes de vans como colectivos abre debate sobre modernización","https://www.biobiochile.cl/noticias/nacional/chile/2026/02/18/propuesta-de-futuro-ministro-de-transportes-de-vans-como-colectivos-abre-debate-sobre-modernizacion.shtml","entrevista","https://blog.ariellopez.cl/en-la-prensa-2026-ab565e1372b4","curado",""
"2026-02-10","2026","Canal 13","Usuario se graba abriendo puertas de vagones del Metro de Santiago","","entrevista","https://blog.ariellopez.cl/en-la-prensa-2026-ab565e1372b4","curado",""
"2026-02-04","2026","Teletrece","Buscan a ciclista que huyó tras atropellar a mujer","","entrevista","https://blog.ariellopez.cl/en-la-prensa-2026-ab565e1372b4","curado",""
"2026-01-29","2026","Chilevisión","Turistas sorprendidos por respeto vial","","entrevista","https://blog.ariellopez.cl/en-la-prensa-2026-ab565e1372b4","curado",""
"2026-01-28","2026","Chilevisión","Usuarios en alerta por intenso calor en el Metro","","entrevista","https://blog.ariellopez.cl/en-la-prensa-2026-ab565e1372b4","curado",""
"2026-01-18","2026","LUN","Diseñadora paga 30.000 por estacionar afuera de su casa y le pasaron dos partes","https://www.lun.com/Pages/NewsDetail.aspx?EsAviso=0&PaginaId=6&bodyid=0&dt=2026-01-18","entrevista","https://blog.ariellopez.cl/en-la-prensa-2026-ab565e1372b4","curado","El pie de la página anual dice 2025 por error; normalizado al año 2026."
"2026-01-16","2026","Canal 13","Tuneladora del Metro falló y no avanzó más","","entrevista","https://blog.ariellopez.cl/en-la-prensa-2026-ab565e1372b4","curado","El pie de la página anual dice 2025 por error; normalizado al año 2026."
"2026-01-14","2026","The Clinic","Expertos advierten que inauguración de línea 7 podría verse retrasada, tras término de contrato entre Metro y empresa tuneladora","https://www.theclinic.cl/2026/01/14/expertos-advierten-que-inauguracion-de-linea-7-podria-verse-retrasada-tras-termino-de-contrato-entre-metro-y-empresa-tuneladora/","entrevista","https://blog.ariellopez.cl/en-la-prensa-2026-ab565e1372b4","curado","La página anual fecha la entrevista el 14 de enero y muestra la publicación como 15.01.2026."
"2026-01-07","2026","LUN","¿Cierto que es un placer andr por las cajjes despejadas durante el verano en Santiago?","https://www.lun.com/Pages/NewsDetail.aspx?EsAviso=0&PaginaId=2&bodyid=0&dt=2026-01-07","entrevista","https://blog.ariellopez.cl/en-la-prensa-2026-ab565e1372b4","curado","Título y pie preservan erratas de la fuente; año normalizado a 2026."
"2026-01-05","2026","Radio Bío Bío","Kusanovic ve inviable aplicar “Ley Uber” antes del término del actual gobierno y cuestiona su sentido","https://www.biobiochile.cl/noticias/nacional/chile/2026/01/05/kusanovic-ve-inviable-aplicar-la-ley-uber-antes-de-marzo-y-cuestiona-su-sentido.shtml","entrevista","https://blog.ariellopez.cl/en-la-prensa-2026-ab565e1372b4","curado",""
"2025-12-27","2025","Chilevisión","Conductor de scooter muere tras ser colisionado por automovilista en estado de ebriedad","https://www.youtube.com/watch?v=sXHqtI5C3EA","entrevista","https://blog.ariellopez.cl/en-la-prensa-2025-e0bdc343bba6","curado","Sin URL original de Chilevisión recuperada; se conserva video exacto publicado por Ariel López en YouTube."
"2025-12-26","2025","Chilevisión","¿Qué artículos se pueden subir a un tren? Guardias de EFE arrebatan regalo de navidad a una pasajera en el Biotren","","entrevista","https://blog.ariellopez.cl/en-la-prensa-2025-e0bdc343bba6","curado",""
"2025-12-26","2025","Meganoticias","¿Qué artículos se pueden subir a un tren? Guardias de EFE arrebatan regalo de navidad a una pasajera en el Biotren","","entrevista","https://blog.ariellopez.cl/en-la-prensa-2025-e0bdc343bba6","curado","Segundo recorte documentado bajo el mismo encabezado."
"2025-12-17","2025","Canal 13","Denuncian aire caliente en los andenes del Metro","https://www.youtube.com/watch?v=g7RCFzoM6bY","entrevista","https://blog.ariellopez.cl/en-la-prensa-2025-e0bdc343bba6","curado","Sin URL original T13 recuperada; se conserva video exacto publicado por Teletrece en YouTube."
"2025-11-06","2025","The Clinic","Gobierno anuncia tren que unirá Ñuble y Concepción en 90 minutos y será más lento que viajar en bus: “Lo están condenando a morir antes de nacer”","https://www.theclinic.cl/2025/11/06/expertos-debaten-sobre-tiempos-de-traslado-del-tren-chillan-concepcion-lo-estan-condenando-a-morir-antes-de-nacer/","entrevista","https://blog.ariellopez.cl/en-la-prensa-2025-e0bdc343bba6","curado",""
"2025-11-05","2025","Chilevisión","Señal de tránsito que permite pasar el semáforo con luz roja ilegalmente","","entrevista","https://blog.ariellopez.cl/en-la-prensa-2025-e0bdc343bba6","curado",""
"2025-11-02","2025","Canal 13","Vuelven los buses articulados: ahora son eléctricos","https://www.youtube.com/watch?v=3naViTajGPM","entrevista","https://blog.ariellopez.cl/en-la-prensa-2025-e0bdc343bba6","curado","Sin URL original T13 recuperada; se conserva video exacto publicado por Teletrece en YouTube."
"2025-10-14","2025","Chilevisión","Metro de Santiago bajo la lupa: aumentan fallas internas","","entrevista","https://blog.ariellopez.cl/en-la-prensa-2025-e0bdc343bba6","curado",""
"2025-10-13","2025","Chilevisión","Así es el nuevo cruce entre Vespucio y Ruta 68","","entrevista","https://blog.ariellopez.cl/en-la-prensa-2025-e0bdc343bba6","curado",""
"2025-10-13","2025","LUN","Nuevo enlace tipo turbina en Vespucio con Ruta 68","https://www.lun.com/Pages/NewsDetail.aspx?EsAviso=0&PaginaId=15&SupplementId=0&dt=2025-10-13","entrevista","https://blog.ariellopez.cl/en-la-prensa-2025-e0bdc343bba6","curado",""
"2025-10-11","2025","The Clinic","Caminantes en las vías del Metro: las querellas, millonarios costos y protocolos detrás de un fenómeno masivo que refleja la crisis de salud mental en Chile","https://www.theclinic.cl/2025/10/11/caminantes-en-las-vias-del-metro-las-querellas-millonarios-costos-y-protocolos-detras-de-un-fenomeno-masivo-que-refleja-la-crisis-de-salud-mental-en-chile/","entrevista","https://blog.ariellopez.cl/en-la-prensa-2025-e0bdc343bba6","curado",""
"2025-09-26","2025","LUN","Visita a la calle en situación de hoyo: ha provocado dos accidentes en un mes","https://www.lun.com/Pages/NewsDetail.aspx?EsAviso=0&PaginaId=6&bodyid=0&dt=2025-09-26","entrevista","https://blog.ariellopez.cl/en-la-prensa-2025-e0bdc343bba6","curado",""
"2025-09-25","2025","Chilevisión","Señalética confunde a conductores en autopistas","","entrevista","https://blog.ariellopez.cl/en-la-prensa-2025-e0bdc343bba6","curado",""
"2025-09-23","2025","LUN","Seis preguntas innecesarias que salen en el examen escrito de manejo","https://www.lun.com/Pages/NewsDetail.aspx?EsAviso=0&PaginaId=10&bodyid=0&dt=2025-09-23","entrevista","https://blog.ariellopez.cl/en-la-prensa-2025-e0bdc343bba6","curado",""
"2025-09-15","2025","The Clinic","¿Guetos verticales se trasladan a La Florida? Experto alerta que decenas de permisos para megaedificios se han aprobado en la comuna desde 2018","https://www.theclinic.cl/2025/09/15/guetos-verticales-se-trasladan-a-la-florida-experto-alerta-que-decenas-de-permisos-para-megaedificios-se-han-aprobado-en-la-comuna-desde-2018/","entrevista","https://blog.ariellopez.cl/en-la-prensa-2025-e0bdc343bba6","curado",""
"2025-09-05","2025","LUN","Señalética en las autopistas: “Muchas veces la información aparece demasiado cerca de la salida, con mensajes largos y poco claros”","https://www.lun.com/Pages/NewsDetail.aspx?EsAviso=0&PaginaId=8&bodyid=0&dt=2025-09-05","entrevista","https://blog.ariellopez.cl/en-la-prensa-2025-e0bdc343bba6","curado",""
"2025-09-05","2025","The Clinic","“Se debe descontaminar”: La preocupante advertencia de experto tras incendio en estación San Joaquín por posible presencia de asbesto en el Metro","https://www.theclinic.cl/2025/09/05/se-debe-descontaminar-la-preocupante-advertencia-de-experto-tras-incendio-en-estacion-san-joaquin-por-posible-presencia-de-asbesto-en-el-metro/","entrevista","https://blog.ariellopez.cl/en-la-prensa-2025-e0bdc343bba6","curado",""
"2025-08-11","2025","LUN","Venezolanos que viven en Chile eligieron qué les gusta más del país: puras flores para el transporte público nacional","https://www.lun.com/Pages/NewsDetail.aspx?EsAviso=0&PaginaId=17&bodyid=0&dt=2025-08-11","entrevista","https://blog.ariellopez.cl/en-la-prensa-2025-e0bdc343bba6","curado",""
"2025-08-08","2025","Chilevisión","Vehículos mal estacionados impiden el paso de bomberos","https://www.youtube.com/watch?v=zxNVfifgpdU","entrevista","https://blog.ariellopez.cl/en-la-prensa-2025-e0bdc343bba6","curado","Sin URL original de Chilevisión recuperada; se conserva video exacto publicado por Ariel López en YouTube."
"2025-08-08","2025","El Mercurio de Valparaíso","Proponen ciclovía por Paseo Wheelwright y avenida España","https://www.mercuriovalpo.cl/impresa/2025/08/08/full/cuerpo-principal/7/","entrevista","https://blog.ariellopez.cl/en-la-prensa-2025-e0bdc343bba6","curado",""
"2025-07-31","2025","Chilevisión","Tobalaba al límite: Acusan colapso en andén","","entrevista","https://blog.ariellopez.cl/en-la-prensa-2025-e0bdc343bba6","curado",""
"2025-07-28","2025","The Clinic","El error de diseño que condenó a la estación Tobalaba al colapso: la falla estructural en los andenes que Metro no anticipó y que sigue sin solución","https://www.theclinic.cl/2025/07/28/el-error-de-diseno-que-condeno-a-la-estacion-tobalaba-al-colapso-la-falla-estructural-en-los-andenes-que-metro-no-anticipo-y-que-sigue-sin-solucion/","entrevista","https://blog.ariellopez.cl/en-la-prensa-2025-e0bdc343bba6","curado",""
"2025-06-21","2025","The Clinic","50 años del Metro: ¿Y si retomamos la “elegancia”?","https://www.theclinic.cl/2025/06/21/50-anos-del-metro-y-si-retomamos-la-elegancia/","entrevista","https://blog.ariellopez.cl/en-la-prensa-2025-e0bdc343bba6","curado",""
"2025-06-19","2025","El Ciudadano","Karol Cariola y las multas del TAG: Ingeniero en transporte aclara que por ley cualquier persona puede pedir una rebaja del 80%","https://www.elciudadano.com/chile/karol-cariola-y-las-multas-del-tag-ingeniero-en-transporte-aclara-que-por-ley-cualquier-persona-puede-pedir-una-rebaja-del-80/06/19/","entrevista","https://blog.ariellopez.cl/en-la-prensa-2025-e0bdc343bba6","curado",""
"2025-06-07","2025","Chilevisión","APP muestra estado de ascensores de Metro","","entrevista","https://blog.ariellopez.cl/en-la-prensa-2025-e0bdc343bba6","curado",""
"2025-06-05","2025","LUN","Sitio web le avisa cuántas escaleras mecánicas y ascensores del Metro están malos","https://www.lun.com/Pages/NewsDetail.aspx?EsAviso=0&PaginaId=9&bodyid=0&dt=2025-06-05","entrevista","https://blog.ariellopez.cl/en-la-prensa-2025-e0bdc343bba6","curado",""
"2025-05-28","2025","LUN","Metro culpa a las lluvias por el caos en la Línea 1 este martes","https://www.lun.com/Pages/NewsDetail.aspx?EsAviso=0&PaginaId=2&bodyid=0&dt=2025-05-28","entrevista","https://blog.ariellopez.cl/en-la-prensa-2025-e0bdc343bba6","curado",""
"2025-05-12","2025","LUN","Claudio Bravo increpó a conductor que lo chocó: “Bájate ahora, vení alcoholizado”","https://www.lun.com/Pages/NewsDetail.aspx?EsAviso=0&PaginaId=2&bodyid=0&dt=2025-05-12","entrevista","https://blog.ariellopez.cl/en-la-prensa-2025-e0bdc343bba6","curado",""
"2025-05-07","2025","LUN","Ingeniero alerta de la doble contaminación de las sopladoras de hojas","https://www.lun.com/Pages/NewsDetail.aspx?EsAviso=0&PaginaId=6&bodyid=0&dt=2025-05-07","entrevista","https://blog.ariellopez.cl/en-la-prensa-2025-e0bdc343bba6","curado",""
"2025-05-01","2025","Chilevisión","Medidas de autocuidado peatonal para prevenir accidentes","","entrevista","https://blog.ariellopez.cl/en-la-prensa-2025-e0bdc343bba6","curado",""
"2025-05-01","2025","Chilevisión","Dos mujeres mueren atropelladas por bus Red Movilidad","","entrevista","https://blog.ariellopez.cl/en-la-prensa-2025-e0bdc343bba6","curado",""
"2025-04-20","2025","LUN","Especialistas en transportes cuestionan maniobrabilidad de los buses oruga","https://www.lun.com/Pages/NewsDetail.aspx?BodyId=0&PaginaId=5&dt=2025-04-20","entrevista","https://blog.ariellopez.cl/en-la-prensa-2025-e0bdc343bba6","curado",""
"2025-04-19","2025","Canal 13","Quedó atrapada y fue arrastrada por la micro","","entrevista","https://blog.ariellopez.cl/en-la-prensa-2025-e0bdc343bba6","curado","La página anual contiene un pie con mes inconsistente; fecha normalizada desde el encabezado."
"2025-04-10","2025","Universidad de Chile","Ariel López: “El problema en Chile es que no se planifica a largo plazo”","https://uchile.cl/noticias/227093/ariel-lopez-alumni-uchile-la-movilidad-es-un-derecho-social-","entrevista","https://blog.ariellopez.cl/en-la-prensa-2025-e0bdc343bba6","curado",""
"2025-04-09","2025","LUN","Llegó la primera cabina del Teleférico Bicentenario: caben diez personas cómodamente sentadas","https://www.lun.com/Pages/NewsDetail.aspx?EsAviso=0&PaginaId=2&bodyid=0&dt=2025-04-09","entrevista","https://blog.ariellopez.cl/en-la-prensa-2025-e0bdc343bba6","curado",""
"2025-04-07","2025","The Clinic","Falla en un neumático generó el colapso de Metro que generó caos en Santiago: especialista acusa falta de mantenimiento de los trenes","https://www.theclinic.cl/2025/04/07/falla-en-un-neumatico-genero-el-colapso-de-metro-que-genero-caos-en-santiago-especialista-acusa-falta-de-mantenimiento-de-los-trenes/","entrevista","https://blog.ariellopez.cl/en-la-prensa-2025-e0bdc343bba6","curado",""
"2025-04-04","2025","Chilevisión","Ascensores de Metro sin servicio hace un año","","entrevista","https://blog.ariellopez.cl/en-la-prensa-2025-e0bdc343bba6","curado",""
"2025-03-24","2025","LUN","Trifulca por cartel hechizo de baja velocidad en Peñaflor: ¿se puede solicitar tránsito lento a la municipalidad?","https://www.lun.com/Pages/NewsDetail.aspx?EsAviso=0&PaginaId=11&bodyid=0&dt=2025-03-25","entrevista","https://blog.ariellopez.cl/en-la-prensa-2025-e0bdc343bba6","curado","Archivo fecha la entrevista 2025-03-24; edición enlazada 2025-03-25."
"2025-03-24","2025","Revista Pedalea","Las mejoras que trae la nueva Guía de Diseño Vial Ciclo-Inclusivo","https://revistapedalea.com/las-mejoras-que-trae-la-nueva-guia-de-diseno-vial-ciclo-inclusivo/","entrevista","https://blog.ariellopez.cl/en-la-prensa-2025-e0bdc343bba6","curado",""
"2025-03-20","2025","LUN","Jugada polémica: micro hace añicos el techo de un paradero y deja a los pasajeros con tiritones","https://www.lun.com/Pages/NewsDetail.aspx?EsAviso=0&PaginaId=2&bodyid=0&dt=2025-03-20","entrevista","https://blog.ariellopez.cl/en-la-prensa-2025-e0bdc343bba6","curado",""
"2025-03-18","2025","Revista Pedalea","Ciclistas de Melipilla en pie de lucha tras eliminación de ciclovía en calle Libertad","https://revistapedalea.com/ciclistas-de-melipilla-en-pie-de-lucha-tras-eliminacion-de-ciclovia-en-calle-libertad/","entrevista","https://blog.ariellopez.cl/en-la-prensa-2025-e0bdc343bba6","curado",""
"2025-03-12","2025","Chilevisión","Tarifas de saturación en autopistas urbanas","","entrevista","https://blog.ariellopez.cl/en-la-prensa-2025-e0bdc343bba6","curado",""
"2025-03-11","2025","LUN","Ahora podrá renovar licencia de conducir en cualquier municipio","https://www.lun.com/Pages/NewsDetail.aspx?EsAviso=0&PaginaId=6&bodyid=0&dt=2025-03-11","entrevista","https://blog.ariellopez.cl/en-la-prensa-2025-e0bdc343bba6","curado",""
"2025-03-08","2025","LUN","Caminar o no caminar","https://www.lun.com/Pages/NewsDetail.aspx?EsAviso=0&PaginaId=23&bodyid=0&dt=2025-03-08","entrevista","https://blog.ariellopez.cl/en-la-prensa-2025-e0bdc343bba6","curado",""
"2025-03-03","2025","LUN","Cómo moverse mejor y qué considerar en el tránsito este amenazante primer lunes de marzo","https://www.lun.com/Pages/NewsDetail.aspx?EsAviso=0&PaginaId=18&bodyid=0&dt=2025-03-03","entrevista","https://blog.ariellopez.cl/en-la-prensa-2025-e0bdc343bba6","curado",""
"2025-02-20","2025","LUN","Análisis físico-técnico al costalazo que se pegó un ciclista en el Marga Marga","https://www.lun.com/Pages/NewsDetail.aspx?EsAviso=0&PaginaId=6&bodyid=0&dt=2025-02-20","entrevista","https://blog.ariellopez.cl/en-la-prensa-2025-e0bdc343bba6","curado",""
"2025-02-11","2025","Meganoticias","Alerta por accidentes en peajes","","entrevista","https://blog.ariellopez.cl/en-la-prensa-2025-e0bdc343bba6","curado",""
"2025-01-31","2025","LUN","Es en 3D: debuta buscador para encontrar el último sismo ocurrido en suelo chileno","https://www.lun.com/Pages/NewsDetail.aspx?EsAviso=0&PaginaId=2&bodyid=0&dt=2025-01-31","entrevista","https://blog.ariellopez.cl/en-la-prensa-2025-e0bdc343bba6","curado",""
"2025-01-18","2025","LUN","Greenlight, la inteligencia artificial que busca mejorar la coordinación de los semáforos en Santiago","https://images.lun.com/Pages/NewsDetail.aspx?EsAviso=0&PaginaId=6&bodyid=0&dt=2025-01-18","entrevista","https://blog.ariellopez.cl/en-la-prensa-2025-e0bdc343bba6","curado",""
"2025-01-09","2025","Radio Bío Bío","Descarrilamiento en L2 del Metro de Santiago","","entrevista","https://blog.ariellopez.cl/en-la-prensa-2025-e0bdc343bba6","curado",""
"2024-11-30","2024","LUN","Ahora puede saber dónde está el grifo más cercano","https://www.lun.com/Pages/NewsDetail.aspx?EsAviso=0&PaginaId=8&bodyid=0&dt=2024-11-30","entrevista","https://blog.ariellopez.cl/en-la-prensa-2024-ee71aa3b0fdf","curado",""
"2024-10-31","2024","LUN","A juntar paciencia: empieza la remodelación total de Plaza Italia","https://www.lun.com/Pages/NewsDetail.aspx?EsAviso=0&PaginaId=2&bodyid=0&dt=2024-10-31","entrevista","https://blog.ariellopez.cl/en-la-prensa-2024-ee71aa3b0fdf","curado",""
"2024-10-03","2024","Consejo de Políticas de Infraestructura (CPI)","Tren Santiago-Valparaíso, por Camila Balbontín y Ariel López","https://www.infraestructurapublica.cl/tren-santiago-valparaiso-por-camila-balbontin-y-ariel-lopez/","columna_opinion","https://blog.ariellopez.cl/en-la-prensa-2024-ee71aa3b0fdf","curado","Republicación/documentación de la columna."
"2024-10-02","2024","El Mercurio de Valparaíso","Tren Santiago-Valparaíso, por Camila Balbontín y Ariel López","https://www.mercuriovalpo.cl/impresa/2024/10/02/full/cuerpo-principal/8/","columna_opinion","https://blog.ariellopez.cl/en-la-prensa-2024-ee71aa3b0fdf","curado","Coautoría con Camila Balbontín; el archivo anual la registra dentro de prensa."
"2024-09-21","2024","LUN","Cambio de pista sin señalizar: es la segunda mayor causa de accidentes de tránsito","","entrevista","https://blog.ariellopez.cl/en-la-prensa-2024-ee71aa3b0fdf","curado",""
"2024-09-08","2024","Meganoticias","Tarifa de saturación en la mira","","entrevista","https://blog.ariellopez.cl/en-la-prensa-2024-ee71aa3b0fdf","curado",""
"2024-09-07","2024","LUN","Ingeniero contabilizó todos los puntos donde hubo atropellos el 2023","https://www.lun.com/Pages/NewsDetail.aspx?EsAviso=0&PaginaId=6&bodyid=0&dt=2024-09-07","entrevista","https://blog.ariellopez.cl/en-la-prensa-2024-ee71aa3b0fdf","curado",""
"2024-09-03","2024","LUN","La historia del paso peatonal que deja a los autos machucados en Quilicura","https://www.lun.com/Pages/NewsDetail.aspx?EsAviso=0&PaginaId=4&bodyid=0&dt=2024-09-03","entrevista","https://blog.ariellopez.cl/en-la-prensa-2024-ee71aa3b0fdf","curado",""
"2024-08-31","2024","LUN","Expertos analizan qué pasó con el camión sin conductor que chocó en el camino La Pólvora","https://www.lun.com/Pages/NewsDetail.aspx?EsAviso=0&PaginaId=8&bodyid=0&dt=2024-08-31","entrevista","https://blog.ariellopez.cl/en-la-prensa-2024-ee71aa3b0fdf","curado",""
"2024-08-22","2024","LUN","Amaro Gómez-Pablos auxilió a jóven que lo chocó: “es un muchacho honorable”","https://www.lun.com/Pages/NewsDetail.aspx?EsAviso=0&PaginaId=34&bodyid=0&dt=2024-08-22","entrevista","https://blog.ariellopez.cl/en-la-prensa-2024-ee71aa3b0fdf","curado",""
"2024-07-31","2024","Radio Pauta","Scooters eléctricos: Un problema de educación vial y una ley ambigua","https://www.pauta.cl/ciudad/ciudad-pauta/2024/07/31/scooters-electricos-un-problema-de-educacion-vial-y-una-ley-ambigua.html","entrevista","https://blog.ariellopez.cl/en-la-prensa-2024-ee71aa3b0fdf","curado",""
"2024-07-16","2024","El Mercurio","Japón construirá sistema subterráneo de transporte para carga pequeña","https://digital.elmercurio.com/2024/07/16/DCST-B/NM4EVOCO","entrevista","https://blog.ariellopez.cl/en-la-prensa-2024-ee71aa3b0fdf","curado",""
"2024-07-12","2024","La Tercera","Agua en las vías, ‘arcos eléctricos’ y aglomeraciones: las principales dificultades en el funcionamiento de Metro en 2024","https://www.latercera.com/nacional/noticia/agua-en-las-vias-arcos-electricos-y-aglomeraciones-las-principales-dificultades-en-el-funcionamiento-de-metro-en-2024/L2V5MBQ3R5HFNH4FGEEJQK5KUA/","entrevista","https://blog.ariellopez.cl/en-la-prensa-2024-ee71aa3b0fdf","curado",""
"2024-07-05","2024","El Mercurio","Disímil balance por el fin de la reversibilidad en Av. Andrés Bello","https://www.cedeus.cl/disimil-balance-por-el-fin-de-la-reversibilidad-en-av-andres-bello/","entrevista","https://blog.ariellopez.cl/en-la-prensa-2024-ee71aa3b0fdf","curado","Confirmado en copia Markdown 2024. No se recuperó URL original de El Mercurio ni video exacto; se conserva copia institucional CEDEUS que identifica la fuente."
"2024-06-29","2024","Mega","Continúan las filtraciones de agua en AVO por segundo año consecutivo","","entrevista","https://blog.ariellopez.cl/en-la-prensa-2024-ee71aa3b0fdf","curado","Cobertura 1 de 3 bajo el mismo encabezado."
"2024-06-29","2024","Meganoticias","Continúan las filtraciones de agua en AVO por segundo año consecutivo","","entrevista","https://blog.ariellopez.cl/en-la-prensa-2024-ee71aa3b0fdf","curado","Cobertura 3 de 3 bajo el mismo encabezado."
"2024-06-29","2024","TVN","Continúan las filtraciones de agua en AVO por segundo año consecutivo","","entrevista","https://blog.ariellopez.cl/en-la-prensa-2024-ee71aa3b0fdf","curado","Cobertura 2 de 3 bajo el mismo encabezado."
"2024-06-22","2024","LUN","Las 38 causales de salud con que le pueden negar o reducir la licencia de conducir","https://www.lun.com/Pages/NewsDetail.aspx?EsAviso=0&PaginaId=19&bodyid=0&dt=2024-06-22","entrevista","https://blog.ariellopez.cl/en-la-prensa-2024-ee71aa3b0fdf","curado",""
"2024-06-21","2024","Radio Bío Bío","Concón: autoridades informan que diámetro del socavón en Camino Internacional no ha aumentado","https://www.biobiochile.cl/noticias/nacional/region-de-valparaiso/2024/06/21/concon-autoridades-informan-que-diametro-del-socavon-en-camino-internacional-no-ha-aumentado.shtml","entrevista","https://blog.ariellopez.cl/en-la-prensa-2024-ee71aa3b0fdf","curado",""
"2024-06-04","2024","Radio ADN","Entrevista en Radio ADN sobre ciclovías y patinetas","https://adnradio.cl/audio/adn_paisadn_20240604_100000_110000/","entrevista","https://blog.ariellopez.cl/en-la-prensa-2024-ee71aa3b0fdf","curado","Enlace de audio original recuperado desde la copia Markdown 2024."
"2024-05-13","2024","LUN","Las esquinas donde estarán las estaciones de la línea 8 del Metro","https://www.lun.com/Pages/NewsDetail.aspx?EsAviso=0&PaginaId=13&bodyid=0&dt=2024-05-13","entrevista","https://blog.ariellopez.cl/en-la-prensa-2024-ee71aa3b0fdf","curado",""
"2024-05-08","2024","LUN","Parece meme, pero ocurrió en Santiago: cómo se destraba el candado vehicular","https://www.lun.com/Pages/NewsDetail.aspx?EsAviso=0&PaginaId=24&bodyid=0&dt=2024-05-08","entrevista","https://blog.ariellopez.cl/en-la-prensa-2024-ee71aa3b0fdf","curado",""
"2024-04-29","2024","LUN","Para conductores ansiosos: prueban semáforos con cuenta regresiva para el cambio de color","https://www.lun.com/Pages/NewsDetail.aspx?EsAviso=0&PaginaId=20&bodyid=0&dt=2024-04-30","entrevista","https://blog.ariellopez.cl/en-la-prensa-2024-ee71aa3b0fdf","curado","El archivo anual fecha la entrevista el 29 de abril; edición LUN enlazada: 30 de abril."
"2024-04-04","2024","Chilevisión","Circuló contra el tránsito y me agrede por decírselo","https://www.chilevision.cl/programas/contigo-en-la-manana/mujeres-agredieron-a-conductor-hombre-acuso-que-venian-contra-el-transito/","cobertura","https://blog.ariellopez.cl/en-la-prensa-2024-ee71aa3b0fdf","curado",""
"2024-04-04","2024","Cooperativa","Circuló contra el tránsito y me agrede por decírselo","https://cooperativa.cl/noticias/pais/transportes/automovilistas/roto-de-m-mujer-agredio-a-conductor-que-le-dijo-que-iba-contra-el/2024-04-04/102930.html","cobertura","https://blog.ariellopez.cl/en-la-prensa-2024-ee71aa3b0fdf","curado",""
"2024-04-04","2024","La Cuarta","Circuló contra el tránsito y me agrede por decírselo","https://www.lacuarta.com/cronica/noticia/roto-de-mier-tengo-cancer-le-paran-el-carro-por-manejar-contra-el-transito-y-protagoniza-minuto-de-furia/WU3TLAN36VHPBGBQGCXK7ODX3Q/","cobertura","https://blog.ariellopez.cl/en-la-prensa-2024-ee71aa3b0fdf","curado",""
"2024-04-04","2024","Publimetro","Circuló contra el tránsito y me agrede por decírselo","https://www.publimetro.cl/social/2024/04/04/roto-de-mierd-tengo-cancer-conductora-en-contra-del-transito-las-emprende-contra-automovilista-a-garabato-limpio/","cobertura","https://blog.ariellopez.cl/en-la-prensa-2024-ee71aa3b0fdf","curado",""
"2024-04-04","2024","Radio Bío Bío","Circuló contra el tránsito y me agrede por decírselo","https://www.biobiochile.cl/noticias/nacional/region-metropolitana/2024/04/04/roto-de-mierda-mujer-agrede-e-insulta-a-conductor-tras-circular-contra-el-transito-en-la-florida.shtml","cobertura","https://blog.ariellopez.cl/en-la-prensa-2024-ee71aa3b0fdf","curado",""
"2024-04-04","2024","Radio Futuro","Circuló contra el tránsito y me agrede por decírselo","https://www.futuro.cl/2024/04/te-voy-a-hacer-mierda-el-auto-tengo-cancer-mujer-que-iba-contra-el-transito-pierde-el-control-y-arremete-contra-un-conductor/","cobertura","https://blog.ariellopez.cl/en-la-prensa-2024-ee71aa3b0fdf","curado",""
"2024-04-04","2024","Radio Imagina","Circuló contra el tránsito y me agrede por decírselo","https://www.radioimagina.cl/2024/04/tengo-cancer-crisis-de-asma-y-me-estai-hue-la-insolita-explicacion-de-mujer-que-iba-contra-el-transito-y-que-termino-con-la-agresion-hacia-un-conductor/","cobertura","https://blog.ariellopez.cl/en-la-prensa-2024-ee71aa3b0fdf","curado",""
"2024-04-04","2024","Radio Pudahuel","Circuló contra el tránsito y me agrede por decírselo","https://www.pudahuel.cl/videos/2024/04/dia-de-furia-mujer-que-iba-en-contra-del-transito-se-hace-viral-tras-agredir-a-otro-conductor-no-me-interesa-romper-el-auto-tengo-cancer-y-me-estai-hue/","cobertura","https://blog.ariellopez.cl/en-la-prensa-2024-ee71aa3b0fdf","curado",""
"2024-03-17","2024","Radio ADN","Buses de 2 pisos operan en Santiago hace más de una década","","entrevista","https://blog.ariellopez.cl/en-la-prensa-2024-ee71aa3b0fdf","curado",""
"2024-03-15","2024","La Tercera","¿Dónde están los buses de dos pisos?: la razón detrás de la desaparición de la novedad de los Panamericanos","https://www.latercera.com/la-tercera-pm/noticia/donde-estan-los-buses-de-dos-pisos-la-razon-detras-de-por-que-las-maquinas-desaparecieron-de-las-calles-de-santiago/ZI6STNNZFJFFJLZGTD65ZPIMWY/","entrevista","https://blog.ariellopez.cl/en-la-prensa-2024-ee71aa3b0fdf","curado",""
"2024-03-13","2024","La Cuarta","Pudo evitarse: el análisis de un ingeniero en transporte por escolar que falleció atropellada","https://www.lacuarta.com/cronica/noticia/pudo-evitarse-el-analisis-de-un-ingeniero-en-transporte-por-escolar-que-fallecio-atropellada/AJIHLGIP4ZG7RHYAR5DQFYYREA/","entrevista","https://blog.ariellopez.cl/en-la-prensa-2024-ee71aa3b0fdf","curado",""
"2024-02-03","2024","LUN","Comienzan desvíos por la construcción de AVO2: Durarán 4 años y 10 meses","https://www.lun.com/Pages/NewsDetail.aspx?EsAviso=0&PaginaId=2&bodyid=0&dt=2024-02-03","entrevista","https://blog.ariellopez.cl/en-la-prensa-2024-ee71aa3b0fdf","curado",""
"2024-01-28","2024","LUN","En Antofagasta instalan baldes plásticos en veredas para terminar con autos mal estacionados","https://www.lun.com/Pages/NewsDetail.aspx?EsAviso=0&PaginaId=2&bodyid=0&dt=2024-01-28","entrevista","https://blog.ariellopez.cl/en-la-prensa-2024-ee71aa3b0fdf","curado",""
"2023-11-23","2023","La Tercera","Demanda colectiva, filtraciones y pavimento deformado: los problemas interminables de AVO 1","https://www.latercera.com/la-tercera-pm/noticia/demanda-colectiva-filtraciones-y-pavimento-deformado-los-problemas-intermibables-de-avo-1/CQUIO6GRJNGB3PREM7LMDR77KI/","entrevista","https://blog.ariellopez.cl/en-la-prensa-e39e770d85d2","curado",""
"2023-10-15","2023","El Ciudadano","¿Es mejor colocarse a la derecha o a ambos lados de las escaleras mecánicas del Metro?: Investigadores chilenos tienen la respuesta","https://www.elciudadano.com/ciencia-tecnologia/es-mejor-colocarse-a-la-derecha-o-a-ambos-lados-de-las-escaleras-mecanicas-del-metro-investigadores-chilenos-tienen-la-respuesta/10/15/","entrevista","https://blog.ariellopez.cl/en-la-prensa-e39e770d85d2","curado",""
"2023-10-04","2023","TVN","Las dudas que salpican a la concesionaria","","entrevista","https://blog.ariellopez.cl/en-la-prensa-e39e770d85d2","curado",""
"2023-10-02","2023","Canal 13","Autopista está fuera de norma","","entrevista","https://blog.ariellopez.cl/en-la-prensa-e39e770d85d2","curado",""
"2023-09-29","2023","TVN / 24 Horas","Tramo de AVO afectado por filtraciones de agua se mantendrá cerrado","https://www.24horas.cl/programas/manana-informativa/experto-reparacion-avo-problemas-agua-norma-mop","entrevista","https://blog.ariellopez.cl/en-la-prensa-e39e770d85d2","curado","Confirmado en copia Markdown 2023; enlace original 24 Horas recuperado."
"2023-09-28","2023","Canal 13","Ordenan cierre de tramo de AVO","https://www.t13.cl/noticia/nacional/ingeniero-filtraciones-vespucio-oriente-tunel-no-cumpliendo-normas-mop-29-9-2023","entrevista","https://blog.ariellopez.cl/en-la-prensa-e39e770d85d2","curado","La entrada del blog está fechada 28-09; el pie y la página T13 corresponden al 29-09-2023."
"2023-09-28","2023","Canal 13","Cierran salida en AVO por riesgos para usuarios","https://www.t13.cl/videos/nacional/cierran-salida-avo-por-riesgos-para-usuarios-por-ahora-no-habra-rebajas-costos-28-9-2023","entrevista","https://blog.ariellopez.cl/en-la-prensa-e39e770d85d2","curado","Confirmado en copia Markdown 2023; video original T13 recuperado."
"2023-09-28","2023","Canal 13","Filtraciones en Autopista Vespucio Oriente","","entrevista","https://blog.ariellopez.cl/en-la-prensa-e39e770d85d2","curado",""
"2023-09-28","2023","LUN","Concesionaria debió cerrar un acceso, Autopista AVO recomienda manejar a 50 km/h en zonas con filtraciones","","entrevista","https://blog.ariellopez.cl/en-la-prensa-e39e770d85d2","curado",""
"2023-09-28","2023","Radio Bío Bío","“Debió no haberse construido”: Experto explica acumulación de agua en Autopista Vespucio Oriente","https://www.biobiochile.cl/biobiotv/programas/expreso-bio-bio/2023/09/28/debio-no-haberse-construido-experto-explica-acumulacion-de-agua-en-autopista-vespucio-oriente.shtml","entrevista","https://blog.ariellopez.cl/en-la-prensa-e39e770d85d2","curado",""
"2023-09-27","2023","El Mercurio","Tren de levitación magnética: Nuevo maglev chino alcanza los 600 km/h","","entrevista","https://blog.ariellopez.cl/en-la-prensa-e39e770d85d2","curado",""
"2023-09-18","2023","Canal 13","AVO, especialistas advirtieron que no cumplía exigencias","","entrevista","https://blog.ariellopez.cl/en-la-prensa-e39e770d85d2","curado",""
"2023-09-13","2023","Chilevisión","Por mal estado de las vías, motoristas en riesgo","","entrevista","https://blog.ariellopez.cl/en-la-prensa-e39e770d85d2","curado",""
"2023-09-11","2023","Chilevisión","Mujer herida tras disparo a Metrotren Nos","","entrevista","https://blog.ariellopez.cl/en-la-prensa-e39e770d85d2","curado",""
"2023-09-06","2023","El Mercurio / Emol","Fin de la reversibilidad de la Costanera Andrés Bello: Los profundos cambios en Santiago que gatillaron la histórica medida","https://www.emol.com/noticias/Nacional/2023/09/06/1106403/andres-bellocardenal-reversibilidad.html","entrevista","https://blog.ariellopez.cl/en-la-prensa-e39e770d85d2","curado",""
"2023-09-06","2023","LUN","Impactantes videos de conductores que no respetan los cruces ferroviarios","https://www.lun.com/Pages/NewsDetail.aspx?EsAviso=0&PaginaId=6&bodyid=0&dt=2023-09-06","entrevista","https://blog.ariellopez.cl/en-la-prensa-e39e770d85d2","curado",""
"2023-07-16","2023","Revista Pedalea","Bicicletas eléctricas: todo lo que debes saber sobre esta tendencia al alza","https://revistapedalea.com/bicicletas-electricas-todo-lo-que-debes-saber-sobre-esta-tendencia-al-alza/","entrevista","https://blog.ariellopez.cl/en-la-prensa-e39e770d85d2","curado",""
"2023-07-14","2023","Radio Bío Bío","Autopista al sur: Ruta 5 Santiago-Chillán contabiliza 7.226 accidentes y 392 muertos en cuatro años","https://www.biobiochile.cl/especial/bbcl-investiga/noticias/reportajes/2023/07/14/autopista-al-sur-ruta-5-santiago-chillan-contabiliza-7-226-accidentes-y-392-muertos-en-cuatro-anos.shtml","entrevista","https://blog.ariellopez.cl/en-la-prensa-e39e770d85d2","curado","Enlace original recuperado desde la copia Markdown 2023."
"2023-06-19","2023","La Tercera","Nataniel Cox: el peligro de los cruces peatonales no autorizados en plena Alameda","https://www.latercera.com/tendencias/noticia/nataniel-cox-el-peligro-de-los-cruces-peatonales-no-autorizados-en-plena-alameda/QGAQMXD2TBHIBKGZKH23V7F2G4/","entrevista","https://blog.ariellopez.cl/en-la-prensa-e39e770d85d2","curado",""
"2023-06-14","2023","LUN","Dos ingenieros explican como deben cruzar los peatones en forma segunra en Alameda con Nataniel","https://www.lun.com/Pages/NewsDetail.aspx?BodyID=0&NewsID=512675&PaginaId=27&dt=2023-06-14","entrevista","https://blog.ariellopez.cl/en-la-prensa-e39e770d85d2","curado",""
"2023-04-08","2023","Canal 13","Pasajeros se suben a tren de Metro que circula con puerta abierta","","entrevista","https://blog.ariellopez.cl/en-la-prensa-e39e770d85d2","curado",""
"2023-04-03","2023","La Tercera","Gobierno crea Unidad de Movilidad Activa y espera construir 800 km de ciclovías fuera de Santiago","https://www.latercera.com/nacional/noticia/gobierno-crea-unidad-de-movilidad-activa-y-espera-construir-800-kilometros-de-ciclovias-fuera-de-santiago/EEGFE4QFCRHFJHEKWDT2YJ62TE/","entrevista","https://blog.ariellopez.cl/en-la-prensa-e39e770d85d2","curado",""
"2023-03-28","2023","La Tercera","Expertos proyectan aglomeraciones en futura estación de Metro con acceso sólo por ascensores","https://www.latercera.com/nacional/noticia/expertos-proyectan-aglomeraciones-en-futura-estacion-de-metro-con-acceso-solo-por-ascensores/JYBST3E6RRBGTHOOXS5YX24VKY/","entrevista","https://blog.ariellopez.cl/en-la-prensa-e39e770d85d2","curado",""
"2023-03-26","2023","Canal 13","Estación del Metro de Santiago únicamente con ascensores","https://www.youtube.com/watch?v=8NubwgkNL6g","entrevista","https://blog.ariellopez.cl/en-la-prensa-e39e770d85d2","curado","Video exacto de YouTube recuperado desde la copia Markdown 2023."
"2023-03-20","2023","El Mercurio / Emol","De qué se trata, beneficiarios y críticas a la nueva ley que rebaja hasta en un 80% las multas por no pago de TAG","https://www.emol.com/noticias/Economia/2023/03/20/1089848/el-beneficio-para-deudores-tag.html","entrevista","https://blog.ariellopez.cl/en-la-prensa-e39e770d85d2","curado",""
"2023-02-11","2023","Canal 13","Controversia por tragaluces en Autopista Central","https://www.youtube.com/watch?v=IK6pkaOqgM0","entrevista","https://blog.ariellopez.cl/en-la-prensa-e39e770d85d2","curado","Video exacto de YouTube recuperado desde la copia Markdown 2023."
"2023-01-29","2023","El Mercurio / Emol","Sólo el 5,9% de las calles del Gran Santiago tiene niveles “excelentes”","https://www.emol.com/noticias/Nacional/2023/01/29/1085247/calles-santiago-niveles-estudio-calidad.html","entrevista","https://blog.ariellopez.cl/en-la-prensa-e39e770d85d2","curado","Artículo de El Mercurio disponible en Emol; enlace recuperado."
"2023-01-24","2023","El Mercurio / Emol","¿Por Vespucio o llegar hasta estación Del Sol?: Las propuesta para instalar el Metro en Lo Espejo","https://www.emol.com/noticias/Nacional/2023/01/24/1084792/opciones-metro-para-lo-espejo.html","entrevista","https://blog.ariellopez.cl/en-la-prensa-e39e770d85d2","curado",""
"2023-01-10","2023","Radio Bío Bío","La pandemia en silencio: cifra de muertos en siniestros viales sigue aumentando año a año","https://www.biobiochile.cl/especial/bbcl-investiga/noticias/reportajes/2023/01/10/la-pandemia-en-silencio-cifra-de-muertos-en-siniestros-viales-sigue-aumentando-ano-a-ano.shtml","entrevista","https://blog.ariellopez.cl/en-la-prensa-e39e770d85d2","curado",""
"2023-01-08","2023","El Mercurio","Andrés Bello, Santa Rosa y Pajaritos: expertos anticipan las calles que deberían tener cámaras de control de velocidad","https://www.cedeus.cl/blog/2023/01/09/de-aprobarse-el-proyecto-cati-andres-bello-santa-rosa-y-pajaritos-expertos-anticipan-las-calles-que-deberian-tener-camaras-de-control-de-velocidad/","entrevista","https://blog.ariellopez.cl/en-la-prensa-e39e770d85d2","curado","Sin URL original de El Mercurio ni YouTube exacto recuperado; se conserva copia institucional CEDEUS que identifica la fuente."
"2020-12-24","2020","Revista Más Deco / La Tercera","La escalada del ciclismo urbano","https://www.latercera.com/masdeco/la-escalada-del-ciclismo-urbano/","entrevista","https://blog.ariellopez.cl/en-la-prensa-2020-e95ebbc5518c","curado",""
"2020-12-09","2020","El Mercurio","Infraestructura para bicicletas: ¿Se pueden concesionar las ciclovías?","","entrevista","https://blog.ariellopez.cl/en-la-prensa-2020-e95ebbc5518c","curado",""
"2020-12-01","2020","La Tercera","Metro tuvo 26 millones de pasajeros en noviembre, la cifra más alta de la pandemia","","entrevista","https://blog.ariellopez.cl/en-la-prensa-2020-e95ebbc5518c","curado",""
"2020-11-27","2020","Meganoticias","Motociclista muere tras grave colisión","","entrevista","https://blog.ariellopez.cl/en-la-prensa-2020-e95ebbc5518c","curado",""
"2020-11-15","2020","The Clinic","Especialistas y organizaciones encienden las alertas por alarmante cifra en pandemia","https://www.theclinic.cl/2020/11/13/nomasciclistasmuertos-especialistas-y-organizaciones-encienden-las-alertas-por-alarmante-cifra-en-pandemia/","entrevista","https://blog.ariellopez.cl/en-la-prensa-2020-e95ebbc5518c","curado","La página anual fecha el recorte 15 de noviembre; URL del medio publicada el 13."
"2020-11-13","2020","El Dínamo","Las cinco razones tras el dramático aumento de ciclistas fallecidos durante este año","https://www.eldinamo.cl/pais/2020/11/13/aumento-de-ciclistas-fallecidos-durante-este-ano-expertos/","entrevista","https://blog.ariellopez.cl/en-la-prensa-2020-e95ebbc5518c","curado","Enlace recuperado desde copia Markdown suministrada por el autor desde Medium."
"2020-11-11","2020","Meganoticias","Un año oscuro para los ciclistas","","entrevista","https://blog.ariellopez.cl/en-la-prensa-2020-e95ebbc5518c","curado",""
"2020-11-03","2020","La Tercera","Aumenta número de ciclistas fallecidos en accidentes de tránsito en pandemia","","entrevista","https://blog.ariellopez.cl/en-la-prensa-2020-e95ebbc5518c","curado",""
"2020-10-02","2020","La Tercera","Desconfinamiento: Suben tiempos de traslado en la Región Metropolitana","","entrevista","https://blog.ariellopez.cl/en-la-prensa-2020-e95ebbc5518c","curado",""
"2020-09-26","2020","La Tercera","Debuta ciclovía de 2,5 km en la ribera del río Mapocho","","entrevista","https://blog.ariellopez.cl/en-la-prensa-2020-e95ebbc5518c","curado","La página anual contiene un pie con mes inconsistente; fecha normalizada desde el encabezado."
"2020-09-23","2020","La Tercera","A casi un año del 18 de Octubre, Metro alista reapertura de toda su red","","entrevista","https://blog.ariellopez.cl/en-la-prensa-2020-e95ebbc5518c","curado",""
"2020-08-19","2020","Tele13 Radio","Propuesta de Ciclovía en el eje Alameda — Providencia","","entrevista","https://blog.ariellopez.cl/en-la-prensa-2020-e95ebbc5518c","curado",""
"2020-08-11","2020","La Tercera","Grupo de expertos propone al gobierno ciclovía para el eje Alameda — Providencia","","entrevista","https://blog.ariellopez.cl/en-la-prensa-2020-e95ebbc5518c","curado",""
"2020-08-07","2020","LUN","Con una bici eléctrica se puede andar hasta 60 km al día y se carga en 3 horas","https://www.lun.com/Pages/NewsDetail.aspx?BodyId=0&PaginaId=19&SupplementId=0&dt=2020-08-08","entrevista","https://blog.ariellopez.cl/en-la-prensa-2020-e95ebbc5518c","curado","Entrevista fechada 7 de agosto; edición enlazada 8 de agosto."
"2020-08-03","2020","La Tercera","Viajes en buses y Metro subieron 11% la semana pasada","","entrevista","https://blog.ariellopez.cl/en-la-prensa-2020-e95ebbc5518c","curado",""
"2020-07-30","2020","El Mercurio","Alza de hasta 60% en flujos de comunas en transición pone en riesgo estrategia sanitaria","https://digital.elmercurio.com/2020/07/30/C/JL3QUIK0","entrevista","https://blog.ariellopez.cl/en-la-prensa-2020-e95ebbc5518c","curado",""
"2020-07-28","2020","La Tercera","Gobierno solicita a empresas flexibilizar los horarios de ingreso, almuerzo y salida","","entrevista","https://blog.ariellopez.cl/en-la-prensa-2020-e95ebbc5518c","curado",""
"2020-06-04","2020","El Mercurio","La dispar distribución de ciclovías frente al aumento de usuarios durante las crisis","","entrevista","https://blog.ariellopez.cl/en-la-prensa-2020-e95ebbc5518c","curado",""
"2020-05-20","2020","La Tercera","Viajes en el transporte público registran la mayor baja de la crisis","https://www.latercera.com/nacional/noticia/viajes-en-el-transporte-publico-registran-la-mayor-baja-de-la-crisis/2SKMYFF4KBEX3MM62QKKZLU2RM/","entrevista","https://blog.ariellopez.cl/en-la-prensa-2020-e95ebbc5518c","curado",""
"2020-05-06","2020","El Mostrador","Estallido social y pandemia propician que uso de la bicicleta comience a ganarle terreno al automóvil","https://www.elmostrador.cl/cultura/2020/05/06/estallido-social-y-pandemia-propician-que-uso-de-la-bicicleta-comience-a-ganarle-terreno-al-automovil/","entrevista","https://blog.ariellopez.cl/en-la-prensa-2020-e95ebbc5518c","curado",""
"2020-05-06","2020","LUN","Novedoso sujetador de vasos impide que se derramen líquidos de la bicicleta","http://lun.com/Pages/NewsDetail.aspx?dt=2020-05-06&PaginaId=26&bodyid=0","entrevista","https://blog.ariellopez.cl/en-la-prensa-2020-e95ebbc5518c","curado","Enlace recuperado desde copia Markdown suministrada por el autor desde Medium."
"2020-05-05","2020","La Tercera","Baquedano: comercio valora apertura de accesos","","entrevista","https://blog.ariellopez.cl/en-la-prensa-2020-e95ebbc5518c","curado",""
"2020-04-25","2020","El Mercurio","Paseo Bandera, convertido en estacionamiento irregular","","entrevista","https://blog.ariellopez.cl/en-la-prensa-2020-e95ebbc5518c","curado",""
"2020-04-01","2020","La Tercera","Transporte en su semana negra: viajes disminuyen un 81,6% en Santiago","","entrevista","https://blog.ariellopez.cl/en-la-prensa-2020-e95ebbc5518c","curado",""
"2020-03-30","2020","LUN","Ingeniero en transportes le saca trote a su bicicleta que aguanta 100 kilos de carga","https://www.lun.com/Pages/NewsDetail.aspx?PaginaId=17&bodyid=0&dt=2020-03-31","entrevista","https://blog.ariellopez.cl/en-la-prensa-2020-e95ebbc5518c","curado","Archivo fecha la entrevista 30 de marzo; edición enlazada 31 de marzo."
"2020-03-27","2020","LUN","Tiempos de viaje en La Florida se redujeron hasta 14,8 minutos en la últimos días","https://www.lun.com/Pages/NewsDetail.aspx?PaginaId=30&bodyid=0&dt=2020-03-27","entrevista","https://blog.ariellopez.cl/en-la-prensa-2020-e95ebbc5518c","curado",""
"2020-03-26","2020","La Tercera","Metro: La Cisterna y Las Rejas concentran los viajes","https://www.latercera.com/nacional/noticia/metro-estaciones-la-cisterna-y-las-rejas-concentran-mayor-afluencia-de-pasajeros-en-la-manana/K4LNIROTVZGOZLOI5SN3R77TFQ/","entrevista","https://blog.ariellopez.cl/en-la-prensa-2020-e95ebbc5518c","curado",""
"2020-03-24","2020","La Tercera","Metro amplia horario y CPC se compromete a facilitar entradas y salidas","","entrevista","https://blog.ariellopez.cl/en-la-prensa-2020-e95ebbc5518c","curado",""
"2020-03-13","2020","La Tercera","Metro: Suben viajes, pero no a niveles pre estallido","","entrevista","https://blog.ariellopez.cl/en-la-prensa-2020-e95ebbc5518c","curado",""
"2020-03-09","2020","El Mercurio","Licitaciones de futuras líneas 8 y 9 fueron declaradas desiertas en medio de crisis social","","entrevista","https://blog.ariellopez.cl/en-la-prensa-2020-e95ebbc5518c","curado",""
"2020-03-07","2020","La Tercera","Protestas obligan a cerrar 30 estaciones de Metro","","entrevista","https://blog.ariellopez.cl/en-la-prensa-2020-e95ebbc5518c","curado",""
"2020-03-06","2020","La Tercera","Descuento a tercera edad en buses del Transantiago será a través de la tarjeta bip!","","entrevista","https://blog.ariellopez.cl/en-la-prensa-2020-e95ebbc5518c","curado",""
"2020-02-28","2020","LUN","Providencia presenta nuevos semáforos con sistemas antizamarreos","https://www.lun.com/Pages/NewsDetail.aspx?BodyID=0&NewsID=446584&PaginaId=64&dt=2020-02-28","entrevista","https://blog.ariellopez.cl/en-la-prensa-2020-e95ebbc5518c","curado",""
"2020-02-16","2020","LUN","En India, los semáforos castigan a conductores que bocinean","https://www.lun.com/Pages/NewsDetail.aspx?BodyID=0&PaginaId=18&SupplementId=0&dt=2020-02-16&r=w","entrevista","https://blog.ariellopez.cl/en-la-prensa-2020-e95ebbc5518c","curado",""
"2020-02-15","2020","LUN","Campaña para que el Metro tenga baños lleva 9600 firmas","https://www.lun.com/Pages/NewsDetail.aspx?BodyID=0&PaginaId=8&SupplementId=0&dt=2020-02-15&r=w","entrevista","https://blog.ariellopez.cl/en-la-prensa-2020-e95ebbc5518c","curado",""
"2020-02-14","2020","El Mercurio","Expertos plantean subsidios focalizados y otros métodos de pago para abordar evasión","https://digital.elmercurio.com/2020/02/14/C/LS3OD9MH","entrevista","https://blog.ariellopez.cl/en-la-prensa-2020-e95ebbc5518c","curado",""
"2020-02-06","2020","LUN","¿Puedo usar un estacionamiento para discapacitados si tengo el pie enyesado?","https://www.lun.com/Pages/NewsDetail.aspx?PaginaId=50&bodyid=0&dt=2020-02-07","entrevista","https://blog.ariellopez.cl/en-la-prensa-2020-e95ebbc5518c","curado","Archivo fecha la entrevista 6 de febrero; edición enlazada 7 de febrero."
"2020-02-01","2020","La Tercera","Registro de evasores del Transantiago: 26% de los multados ingresó tras el estallido social","https://www.latercera.com/nacional/noticia/registro-evasores-del-transantiago-26-los-multados-ingreso-tras-estallido-social/995502/","entrevista","https://blog.ariellopez.cl/en-la-prensa-2020-e95ebbc5518c","curado",""
"2020-01-29","2020","La Tercera","Viajes de Metro y buses reputan en diciembre y compensarán a operadores","https://www.latercera.com/nacional/noticia/viajes-metro-buses-repuntan-diciembre-compensaran-operadores/990863/","entrevista","https://blog.ariellopez.cl/en-la-prensa-2020-e95ebbc5518c","curado",""
"2020-01-22","2020","La Tercera","Gobierno analiza nueva ley para financiar el Transantiago","https://www.latercera.com/nacional/noticia/gobierno-analiza-nueva-ley-financiar-transantiago/982442/","entrevista","https://blog.ariellopez.cl/en-la-prensa-2020-e95ebbc5518c","curado",""
"2020-01-22","2020","LUN","¿Funcionan los semáforos portátiles en Providencia con Eliodoro Yáñez?","https://www.lun.com/Pages/NewsDetail.aspx?BodyID=0&PaginaId=36&dt=2020-01-23","entrevista","https://blog.ariellopez.cl/en-la-prensa-2020-e95ebbc5518c","curado","Archivo fecha la entrevista 22 de enero; edición enlazada 23 de enero."
"2020-01-15","2020","La Tercera","Avenidas claves de Providencia tendrán un carril menos por instalación de ciclopistas","https://www.latercera.com/nacional/noticia/avenidas-claves-providencia-tendran-carril-menos-instalacion-ciclopistas/973932/","entrevista","https://blog.ariellopez.cl/en-la-prensa-2020-e95ebbc5518c","curado",""
"2020-01-14","2020","La Tercera","Obras en La Pirámide generan alta congestión y reclamos entre los usuarios","https://www.latercera.com/nacional/noticia/obras-la-piramide-generan-alta-congestion-reclamos-los-usuarios/972722/","entrevista","https://blog.ariellopez.cl/en-la-prensa-2020-e95ebbc5518c","curado",""
"2020-01-03","2020","TVN","Ciclistas lideran cifras de accidentes fatales","","entrevista","https://blog.ariellopez.cl/en-la-prensa-2020-e95ebbc5518c","curado",""
"2020-01-02","2020","Radio Bío Bío","Expertos estiman que la evasión en el Transantiago superó el 50% en la última parte del 2019","https://www.biobiochile.cl/noticias/nacional/region-metropolitana/2020/01/02/expertos-estiman-que-la-evasion-en-el-transantiago-supero-el-50-en-la-ultima-parte-del-2019.shtml","entrevista","https://blog.ariellopez.cl/en-la-prensa-2020-e95ebbc5518c","curado",""
"2020-01-01","2020","LUN","Trabajos para recuperar cruce del Paradero 14 de La Florida llevan 60% de avance","","entrevista","https://blog.ariellopez.cl/en-la-prensa-2020-e95ebbc5518c","curado",""
"2021-06-27","2021","Revista Pedalea","#VeredaNoEsCiclovia: Ciudadanía organizada dice no a la infraestructura deficiente","https://revistapedalea.com/veredanoesciclovia-ciudadania-organizada-dice-no-a-la-infraestructura-deficiente/","cobertura","https://blog.ariellopez.cl/en-la-prensa-2021-7192a2541e1e","hallazgo_externo","Recuperado desde publicación original del medio."
"2021-09-27","2021","Revista Pedalea","Conoce los beneficios y desventajas del nuevo “modo bicicleta” de Google Maps en Chile","https://revistapedalea.com/conoce-los-beneficios-y-desventajas-del-nuevo-modo-bicicleta-de-google-maps-en-chile/","entrevista","https://blog.ariellopez.cl/en-la-prensa-2021-7192a2541e1e","curado","Confirmado en copia Markdown 2021 suministrada por el autor."
"2021-10-22","2021","Meganoticias","Semáforo con luz verde en Las Condes apenas duraba 10 segundos: Ingeniero logró que lo reprogramaran","https://www.meganoticias.cl/nacional/355894-semaforo-verde-10-segundos-las-condes-ingeniero-logro-un-cambio-22-10-2021.html","cobertura","https://blog.ariellopez.cl/en-la-prensa-2021-7192a2541e1e","hallazgo_externo","Ariel López aparece citado como fuente experta."
"2021-11-11","2021","Radio Pauta","Ciclosendas de Emergencia, Premio Sochitran 2021","https://www.pauta.cl/actualidad/2021/11/13/la-solucion-de-emergencia-para-ciclistas-con-falta-de-ciclovias.html","entrevista","https://blog.ariellopez.cl/en-la-prensa-2021-7192a2541e1e","curado","Entrevista fechada 11-11-2021 en el blog; publicación web de Radio Pauta fechada 13-11-2021."
"2021-12-23","2021","Radio Bío Bío","Experto en transportes advierte que Andrés Bello se ha vuelto una vía peligrosa desde hace décadas","https://www.biobiochile.cl/noticias/opinion/entrevistas/2021/12/23/expero-en-transportes-advierte-que-andres-bello-se-ha-vuelto-una-via-peligrosa-desde-hace-decadas.shtml","entrevista","https://blog.ariellopez.cl/en-la-prensa-2021-7192a2541e1e","hallazgo_externo","Página de entrevista de Radio Bío Bío / Podría Ser Peor."
"2021-12-30","2021","Universidad de Chile","La ley está pensada desde la perspectiva que las calles son para los vehículos y los peatones ni siquiera se consideran","https://uchile.cl/noticias/182993/la-convivencia-vial-en-ciudades-pensadas-prioritariamente-para-autos","entrevista","https://blog.ariellopez.cl/en-la-prensa-2021-7192a2541e1e","curado","Confirmado en copia Markdown 2021 suministrada por el autor."
"2021-12-22","2021","Vergara 240 / UDP","Muertes de ciclistas: Los puntos críticos de la Ley de Convivencia Vial","https://vergara240.udp.cl/muertes-ciclistas-chile-ley-de-convivencia-vial/","entrevista","https://blog.ariellopez.cl/en-la-prensa-2021-7192a2541e1e","hallazgo_externo","Reportaje de Vergara 240 con declaraciones directas de Ariel López."
"2021-08-14","2021","El Mercurio","Expertos debaten sobre el impacto del proyecto de Autopista Costanera Central","https://www.dii.uchile.cl/wp-content/uploads/2021/08/14-EL-MERCURIO-Expertos-debaten-sobre-el-impacto-del-proyecto-de-autopista-Costanera-Central.pdf","entrevista","https://blog.ariellopez.cl/en-la-prensa-2021-7192a2541e1e","curado","Confirmado en copia Markdown 2021 suministrada por el autor. URL original no vigente; se conserva recorte institucional U. de Chile."
"2021-06-25","2021","La Tercera","Metro reanuda servicio tras interrupción de Línea 4A por falla en estación La Cisterna","https://www.latercera.com/nacional/noticia/metro-presenta-servicio-interrumpido-en-linea-4a-por-falla-en-estacion-la-cisterna/TZRBHJ253NAPXIHMFRV63FXYBU/","cobertura","https://blog.ariellopez.cl/en-la-prensa-2021-7192a2541e1e","hallazgo_externo","La nota incorpora como fuente un registro publicado por Ariel López sobre la falla en estación La Cisterna."
"2021-01-12","2021","La Tercera","Muertes en accidentes muestran baja histórica, pero suben ciclistas fallecidos","https://www.latercera.com/nacional/noticia/muertes-en-accidentes-muestran-baja-historica-pero-suben-ciclistas-fallecidos/ZUIR7DYZ25BENGEYVCRND4VCEA/","entrevista","https://blog.ariellopez.cl/en-la-prensa-2021-7192a2541e1e","curado","Confirmado en copia Markdown 2021 suministrada por el autor."
"2021-12-25","2021","Canal 13","Reversibilidad de Andrés Bello","","entrevista","https://blog.ariellopez.cl/en-la-prensa-2021-7192a2541e1e","curado","Confirmado en copia Markdown 2021. La fuente enlaza un post de Twitter del autor; no se encontró URL original de Canal 13 ni video exacto de YouTube verificable."
"2021-11-09","2021","LUN","Ciclovía de Lyon tendrá sólo un sentido","","entrevista","https://blog.ariellopez.cl/en-la-prensa-2021-7192a2541e1e","curado","Confirmado en copia Markdown 2021. No se encontró URL original de LUN ni video exacto de YouTube verificable."
"2021-11-07","2021","El Mercurio","Urbanistas proponen soluciones por Línea 7 en Parque Forestal: apuntan a usar calzada en obras de ventilación","https://www.infraestructurapublica.cl/urbanistas-proponen-soluciones-por-linea-7-en-parque-forestal-apuntan-a-usar-calzada-en-obras-de-ventilacion/","entrevista","https://blog.ariellopez.cl/en-la-prensa-2021-7192a2541e1e","curado","Confirmado en copia Markdown 2021. Sin URL original vigente ni YouTube exacto; se conserva copia del Consejo de Políticas de Infraestructura, que identifica a El Mercurio como fuente."
"2021-07-14","2021","LUN","La historia del hombre que se pasea por Santiago en este biciclo de 1879","https://www.lun.com/Pages/NewsDetail.aspx?dt=2021-07-14&PaginaId=23&SupplementId=0&BodyId=0","entrevista","https://blog.ariellopez.cl/en-la-prensa-2021-7192a2541e1e","curado","Enlace original recuperado desde copia Markdown 2021."
"2021-03-22","2021","Radio Concierto","Ariel López, Magister en Urbanismo: “mientras menos ciclistas, más accidentes”","https://www.concierto.cl/2021/03/ariel-lopez-magister-en-urbanismo-mientras-menos-ciclistas-mas-accidentes/","entrevista","https://blog.ariellopez.cl/en-la-prensa-2021-7192a2541e1e","curado","Enlace original recuperado desde copia Markdown 2021."
"2021-03-17","2021","El Ciudadano","Muertes de ciclistas en Chile alcanza su cifra más alta en 5 años","https://www.elciudadano.com/chile/nomasciclistasmuertos-muertes-de-ciclistas-en-chile-alcanza-su-cifra-mas-alta-en-5-anos/03/17/","entrevista","https://blog.ariellopez.cl/en-la-prensa-2021-7192a2541e1e","curado","Enlace original recuperado desde copia Markdown 2021."
"2021-03-11","2021","LUN","En Las Condes y Providencia ya debutaron algunas de las nuevas señales de tránsito","https://www.lun.com/Pages/NewsDetail.aspx?dt=2021-03-11&PaginaId=27&bodyid=0","entrevista","https://blog.ariellopez.cl/en-la-prensa-2021-7192a2541e1e","curado","Enlace original recuperado desde copia Markdown 2021."
"2021-01-14","2021","LUN","Video captó a un hombre circulando en scooter al interior de una autopista","","entrevista","https://blog.ariellopez.cl/en-la-prensa-2021-7192a2541e1e","curado","Confirmado en copia Markdown 2021. El enlace BCN de la fuente es auxiliar; no se encontró URL original de LUN ni video exacto de YouTube verificable."
"2021-01-07","2021","La Tercera","Nueve mil partes por exceso de velocidad se cursaron en cuatro meses","https://www.latercera.com/nacional/noticia/nueve-mil-partes-por-exceso-de-velocidad-se-cursaron-en-cuatro-meses/MJVXX6AIA5BNFOZDZF745C6SE4/","entrevista","https://blog.ariellopez.cl/en-la-prensa-2021-7192a2541e1e","curado","Entrevista fechada 07-01-2021 en el blog; publicación web de La Tercera fechada 08-01-2021."
"2022-11-30","2022","El Mercurio","Panel de Expertos sugiere alza de $30 en el Transantiago, pero Gobierno mantiene tarifa","https://www.infraestructurapublica.cl/panel-de-expertos-sugiere-alza-de-30-en-el-transantiago-pero-gobierno-mantiene-tarifa/","entrevista","https://blog.ariellopez.cl/en-la-prensa-2022-aebe4412f9d5","curado","Confirmado en copia Markdown 2022. Sin URL original vigente; se conserva copia CPI que identifica a El Mercurio como fuente."
"2022-11-18","2022","El Mercurio","Mandatario hace llamado de atención a parlamentarios de su coalición tras presión para congelar la tarifa de transporte","https://digital.elmercurio.com/2022/11/18/C/K946UC7N","entrevista","https://blog.ariellopez.cl/en-la-prensa-2022-aebe4412f9d5","curado","Enlace original recuperado desde copia Markdown 2022."
"2022-11-09","2022","LUN","Así funciona la bicicleta que en cuatro pasos se convierte en su propio candado","https://www.lun.com/Pages/NewsDetail.aspx?dt=2022-11-10&EsAviso=0&PaginaId=20&bodyid=0","entrevista","https://blog.ariellopez.cl/en-la-prensa-2022-aebe4412f9d5","curado","Entrevista fechada 09-11-2022 en el blog; edición LUN enlazada 10-11-2022."
"2022-10-16","2022","CNN Chile","Buses con sensor de ciclistas y peatones","https://www.youtube.com/watch?v=A-H6sjBomWo&t=11s","entrevista","https://blog.ariellopez.cl/en-la-prensa-2022-aebe4412f9d5","curado","El blog acompaña la entrada con este video exacto de YouTube."
"2022-09-29","2022","LUN","Detectan los puntos donde más costalazos se dan los ciclistas en el Cerro San Cristóbal","https://fing.utem.cl/2022/09/30/detectan-los-puntos-donde-mas-costalazos-se-dan-los-ciclistas-en-el-cerro-san-cristobal/","entrevista","https://blog.ariellopez.cl/en-la-prensa-2022-aebe4412f9d5","curado","Confirmado en copia Markdown 2022. Sin URL original LUN ni YouTube exacto; se conserva copia institucional UTEM que identifica a LUN como fuente."
"2022-08-19","2022","El Mercurio","Municipios alistan servicio de transporte gratuito para el plebiscito, a la espera de instrucciones de Contraloría","https://digital.elmercurio.com/2022/08/19/N","entrevista","https://blog.ariellopez.cl/en-la-prensa-2022-aebe4412f9d5","curado","Enlace original recuperado desde copia Markdown 2022."
"2022-08-18","2022","El Mercurio","Metro: Critican falta de personal tras falla que obligó a cierre de estaciones","https://digital.elmercurio.com/2022/08/18/C","entrevista","https://blog.ariellopez.cl/en-la-prensa-2022-aebe4412f9d5","curado","Enlace original recuperado desde copia Markdown 2022."
"2022-07-21","2022","Chilevisión","Conductor ebrio manejó contra el tránsito y mató a padre con su pequeño hijo y otra menor","https://www.chilevision.cl/contigo-en-directo/mejores-momentos/conductor-ebrio-manejo-contra-el-transito-y-mato-a-padre-con-su-pequeno","entrevista","https://blog.ariellopez.cl/en-la-prensa-2022-aebe4412f9d5","curado","Enlace original recuperado desde copia Markdown 2022."
"2022-06-02","2022","LUN","¿Cómo elegir un casco seguro para andar en bici? Tres especialistas cuentan sus datos","https://www.lun.com/Pages/NewsDetail.aspx?dt=2022-06-02&EsAviso=0&PaginaId=30&bodyid=0","entrevista","https://blog.ariellopez.cl/en-la-prensa-2022-aebe4412f9d5","curado","Enlace original recuperado desde copia Markdown 2022."
"2022-05-22","2022","Chilevisión","Proyecto Alameda Providencia busca cambiar la cara de la Alameda","","entrevista","https://blog.ariellopez.cl/en-la-prensa-2022-aebe4412f9d5","curado","Confirmado en copia Markdown 2022. No se encontró URL original vigente ni video exacto de YouTube verificable."
"2022-05-05","2022","Radio Bío Bío","Ocupa la vereda y complica a peatones: experto denuncia instalación de reja del Mall Plaza Vespucio","https://www.biobiochile.cl/noticias/nacional/region-metropolitana/2022/05/05/ocupa-la-vereda-y-complica-a-peatones-experto-denuncia-instalacion-de-reja-del-mall-plaza-vespucio.shtml","entrevista","https://blog.ariellopez.cl/en-la-prensa-2022-aebe4412f9d5","curado","Enlace original recuperado desde copia Markdown 2022."
"2022-05-01","2022","El Mercurio","Encuesta revela empeoramiento de la percepción ciudadana sobre las ciclovías y el transporte público","https://noticiasrepositorio.unab.cl/el-mercurio-encuesta-revela-el-empeoramiento-de-la-percepcion-ciudadana-sobre-las-ciclovias-y-el-transporte-publico/","entrevista","https://blog.ariellopez.cl/en-la-prensa-2022-aebe4412f9d5","curado","Confirmado en copia Markdown 2022. Sin URL original vigente ni YouTube exacto; se conserva copia de UNAB que identifica a El Mercurio como fuente."
"2022-04-22","2022","Chilevisión","Mal estado de buses alcanza nivel peligroso","","entrevista","https://blog.ariellopez.cl/en-la-prensa-2022-aebe4412f9d5","curado","Confirmado en copia Markdown 2022. No se encontró URL original vigente ni video exacto de YouTube verificable."
"2022-04-22","2022","El Mercurio","Mal estado de las micros, especialmente en la periferia, alcanza niveles “peligrosos”","","entrevista","https://blog.ariellopez.cl/en-la-prensa-2022-aebe4412f9d5","curado","Confirmado en copia Markdown 2022. No se encontró URL original vigente ni video exacto de YouTube verificable."
"2022-04-15","2022","Chilevisión","Caida de mujer alerta por estado de micros","","entrevista","https://blog.ariellopez.cl/en-la-prensa-2022-aebe4412f9d5","curado","Confirmado en copia Markdown 2022. No se encontró URL original vigente ni video exacto de YouTube verificable."
"2022-04-14","2022","Chilevisión","Kilométrico taco duró más de 12 horas","","entrevista","https://blog.ariellopez.cl/en-la-prensa-2022-aebe4412f9d5","curado","Confirmado en copia Markdown 2022. No se encontró URL original vigente ni video exacto de YouTube verificable."
"2022-03-26","2022","El Mercurio","Propuesta del ministro de Transporte que busca aumentar impuesto a los combustibles abre debate en el sector","","entrevista","https://blog.ariellopez.cl/en-la-prensa-2022-aebe4412f9d5","curado","Confirmado en copia Markdown 2022. No se encontró URL original vigente ni video exacto de YouTube verificable."
"2022-03-09","2022","LUN","Ciclista muere en accidente en céntrica esquina de Santiago","","entrevista","https://blog.ariellopez.cl/en-la-prensa-2022-aebe4412f9d5","curado","Confirmado en copia Markdown 2022. No se encontró URL original vigente ni video exacto de YouTube verificable."
"2022-03-07","2022","Chilevisión","Polémica por mal uso de ciclovía","","entrevista","https://blog.ariellopez.cl/en-la-prensa-2022-aebe4412f9d5","curado","Confirmado en copia Markdown 2022. No se encontró URL original vigente ni video exacto de YouTube verificable."
"2022-03-04","2022","LUN","¿Por qué hay una larga fila de autosen una ciclovía de Ñuña?","https://isci.cl/por-que-hay-una-larga-fila-de-autos-en-una-ciclovia-de-nunoa/","entrevista","https://blog.ariellopez.cl/en-la-prensa-2022-aebe4412f9d5","curado","Título preservado como aparece en el blog. Sin URL original LUN ni YouTube exacto; se conserva copia ISCI."
"2022-02-11","2022","Cooperativa","15 años de Transantiago","","entrevista","https://blog.ariellopez.cl/en-la-prensa-2022-aebe4412f9d5","curado","Confirmado en copia Markdown 2022. No se encontró enlace exacto de Cooperativa ni video de YouTube verificable."
"2022-02-07","2022","Revista Pedalea","El bot que evidencia que el transporte público excede la velocidad máxima","https://revistapedalea.com/el-bot-que-evidencia-que-el-transporte-publico-excede-la-velocidad-maxima/","entrevista","https://blog.ariellopez.cl/en-la-prensa-2022-aebe4412f9d5","curado","Enlace original recuperado desde copia Markdown 2022."
"2022-02-05","2022","El Mercurio","Plataforma detecta que más de 4 mil micros circularon a exceso de velovidad la última semana","","entrevista","https://blog.ariellopez.cl/en-la-prensa-2022-aebe4412f9d5","curado","Título preservado como aparece en el blog. No se encontró URL original de El Mercurio ni video exacto de YouTube verificable."
"2022-02-04","2022","The Clinic","Qué ciudad busca el gobierno de Boric: Expertos evalúan a los nuevos ministros Montes, Muñoz y García","https://www.theclinic.cl/2022/02/04/ciudad-boric-expertos-evaluan-ministros-montes-munoz-garcia/","entrevista","https://blog.ariellopez.cl/en-la-prensa-2022-aebe4412f9d5","curado","Enlace original recuperado desde copia Markdown 2022."
"2022-11-25","2022","The Clinic","Cuenta de diseños hostiles armó polémica por los asientos del Metro de Santiago","https://www.theclinic.cl/2022/11/25/disenos-hostiles-asientos-metro-de-santiago/amp/","cobertura","https://blog.ariellopez.cl/en-la-prensa-2022-aebe4412f9d5","hallazgo_externo","Encontrado por búsqueda externa; no figura en la copia Markdown 2022."
"2022-07-20","2022","Chilevisión","Acusan a la falta de limitación de las vías como una de las causas de un fatal accidente de tránsito en Quillota","https://noticias.utem.cl/wp-content/uploads/2022/10/Ariel_Lopez-CHV-20-07.mp4","entrevista","https://blog.ariellopez.cl/en-la-prensa-2022-aebe4412f9d5","hallazgo_externo","Encontrado por búsqueda externa; no figura en la copia Markdown 2022. Video de Chilevisión preservado por UTEM."
"2022-04-25","2022","The Clinic","VIDEO. Acusan que Muni de La Florida liderada por Carter decidió cerrar vereda con rejas: adjuntaron metraje del peligroso camino que quedó","https://www.theclinic.cl/2022/04/25/muni-la-florida-liderada-carter-vereda-rejas/","cobertura","https://blog.ariellopez.cl/en-la-prensa-2022-aebe4412f9d5","hallazgo_externo","Encontrado por búsqueda externa; no figura en la copia Markdown 2022."
"2022-03-15","2022","Revista Pedalea","El ministro de las ciudades intermodales","https://revistapedalea.com/el-ministro-de-las-ciudades-intermodales/","cobertura","https://blog.ariellopez.cl/en-la-prensa-2022-aebe4412f9d5","hallazgo_externo","Encontrado por búsqueda externa; no figura en la copia Markdown 2022."
"2022-02-05","2022","Cooperativa","El 65% de buses del Transantiago excedió el límite de velocidad la última semana","https://www.cooperativa.cl/noticias/site/artic/20220205/pags-amp/20220205105711.html","cobertura","https://blog.ariellopez.cl/en-la-prensa-2022-aebe4412f9d5","hallazgo_externo","Encontrado por búsqueda externa; no figura como entrada propia en la copia Markdown 2022."
"2022-01-10","2022","Revista Pedalea","Ariel López: “Los automovilistas saben que no los están fiscalizando”","https://revistapedalea.com/ariel-lopez-mientras-mas-personas-usan-la-bicicleta-la-calle-se-vuelve-mas-segura-para-todos/","entrevista","https://blog.ariellopez.cl/en-la-prensa-2022-aebe4412f9d5","hallazgo_externo","Encontrado por búsqueda externa; no figura en la copia Markdown 2022."
"2025-06-09","2025","The Clinic","Influencer en silla de ruedas dejó de usar el metro por ascensores malos en la red: ""No están siendo accesibles, nos están excluyendo""","https://www.theclinic.cl/2025/06/09/influencer-en-silla-de-ruedas-dejo-de-usar-el-metro-por-ascensores-malos-en-la-red-no-estan-siendo-accesibles-nos-estan-excluyendo/","entrevista","https://blog.ariellopez.cl/en-la-prensa-2025-e0bdc343bba6","hallazgo_externo","Encontrado por búsqueda externa; no figura en la copia Markdown 2025. Ariel López aparece como fuente experta sobre accesibilidad y fallas de ascensores en Metro."
