"video_id","titulo","canal","url","clasificacion","motivo","registro_relacionado","accion"
"9Nw_F5IfDGM","","","https://www.youtube.com/watch?v=9Nw_F5IfDGM","sin_datos","Entrada sin título/canal en la playlist; no permite atribución segura.","","revisar_manual"
"4jfDA6tlSKY","49 años de vida cumplió la restricción vehícular","Ariel López","https://www.youtube.com/watch?v=4jfDA6tlSKY","candidato_nuevo","Tema de restricción vehicular; no coincide de forma segura con una fila existente.","","buscar fecha y medio original"
"MRthnyOPgw0","Car fire at Santa Isabel Metro station: Affected train is 50 years old","Teletrece","https://www.youtube.com/watch?v=MRthnyOPgw0","candidato_nuevo_fuerte","Video oficial de Teletrece sobre incendio en Metro/Santa Isabel; el catálogo tiene el evento en otros medios pero no esta pieza de Teletrece.","2026-07/08 incendio Metro Santa Isabel","verificar fecha exacta y agregar si corresponde"
"Sr1Buww2saY","Accidentes en scooter aumentaron un 84%","Ariel López","https://www.youtube.com/watch?v=Sr1Buww2saY","candidato_nuevo","Tema accidentes en scooter +84%; no hay coincidencia inequívoca con registro existente.","","buscar emisión/fecha"
"BcuezElgjhM","Condujo a 264 km/h y quedó en libertad con licencia de conducir","Ariel López","https://www.youtube.com/watch?v=BcuezElgjhM","alternativa_confirmada","Mismo hecho y título que la fila ya catalogada de Canal 13 sobre conducción a 264 km/h.","2026-06-22 | Canal 13 | Manejó a 264 km/h y quedó en libertad","conservar como enlace audiovisual alternativo"
"5dGMB_IPaeY","¿Por qué FALTAN más micros? El ESTUDIO que CUESTIONA al ministro Louis De Grange | #TurnoEnVivo","Turno","https://www.youtube.com/watch?v=5dGMB_IPaeY","candidato_nuevo_fuerte","Aparición identificada en Turno sobre recorte de buses; el catálogo contiene el estudio en Contrapoder, que es otro medio.","2026-04-15 | Contrapoder | El estudio que desmiente...","verificar fecha de Turno y agregar como aparición separada"
"cadtj6tjDvE","Expert REVEALS bus cuts and hidden subway failures","El Desconcierto","https://www.youtube.com/watch?v=cadtj6tjDvE","alternativa_confirmada","Versión oficial/alternativa del mismo contenido de El Desconcierto ya catalogado.","2026-05-17 | El Desconcierto | Experto revela recortes...","conservar como enlace audiovisual alternativo"
"W0lGbExM73I","Promedio de 32 estaciones no accesibles del Metro cada día","Ariel López","https://www.youtube.com/watch?v=W0lGbExM73I","requiere_revision","Clip sobre 32 estaciones no accesibles; puede ser material propio derivado de la misma investigación y no una aparición independiente.","2026-05-12/13 | fallas accesibilidad Metro","verificar medio/emisión"
"djDk8ziUC4o","Rescatan a 5 mujeres atrapadas en ascensor del Metro de Santiago","Ariel López","https://www.youtube.com/watch?v=djDk8ziUC4o","candidato_nuevo","Rescate de cinco mujeres atrapadas en ascensor del Metro; tema distinto a la fila sugerida automáticamente.","","buscar medio y fecha"
"RBJw0cmIr7g","Safety or jobs? Expert analyzes the controversial adjustments to the Uber Law","Radio13c","https://www.youtube.com/watch?v=RBJw0cmIr7g","probable_alternativa","Pieza de Radio13c sobre ajustes a Ley Uber; probablemente vinculada a una aparición ya catalogada de Radio 13C.","2026-06-12 | Radio 13C | Contraloría rechazó modificaciones...","comparar contenido antes de contar otra aparición"
"dtc_khqpOac","Mas pasajeros en buses e igual flota = mas hacinamiento. Entrevista en Canal 13","Ariel López","https://www.youtube.com/watch?v=dtc_khqpOac","requiere_revision","Entrevista en Canal 13 sobre más pasajeros e igual flota; puede corresponder a coberturas 2026 sobre menor frecuencia/hacinamiento.","2026-05-06 / 2026-04-19 | Canal 13/Chilevisión","verificar fecha exacta"
"4ZjCe7eLxps","Entrevista en Radio ADN respecto al transporte público, trenes y ciclovías","Ariel López","https://www.youtube.com/watch?v=4ZjCe7eLxps","candidato_nuevo_fuerte","Entrevista explícita en Radio ADN sobre transporte público, trenes y ciclovías; no hay coincidencia inequívoca en el catálogo.","","buscar fecha de emisión"
"hSa0Wf2G6hg","Entrevista en Biobio por propuesta de mejoras en Taxis Colectivos","Ariel López","https://www.youtube.com/watch?v=hSa0Wf2G6hg","alternativa_confirmada","Corresponde a la cobertura de Radio Bío Bío sobre modernización de taxis colectivos ya catalogada; la nota original está fechada 2026-02-18.","2026-02-18 | Radio Bío Bío | Propuesta ... vans como colectivos","conservar como audiovisual alternativo"
"C3rMlaL6bVI","EFE Biotren no permite el ingreso de una bicicleta de niño en día de navidad","Ariel López","https://www.youtube.com/watch?v=C3rMlaL6bVI","probable_alternativa","Clip sobre conflicto EFE Biotren por bicicleta infantil, mismo caso de Navidad ya catalogado en Chilevisión/Meganoticias.","2025-12-26 | Biotren","comparar si es aparición distinta o material propio"
"0TRdYDd9Hx4","Respecto a impedir llevar bicicletas en el tren: el caso de Concepción Biotren EFE","Ariel López","https://www.youtube.com/watch?v=0TRdYDd9Hx4","probable_alternativa","Comentario/entrevista sobre el mismo caso Biotren de Navidad; no identifica claramente un medio distinto.","2025-12-26 | Biotren","verificar origen antes de contar"
"EJg0Y2qGWks","Chile desde los Datos","Experiencia Tech","https://www.youtube.com/watch?v=EJg0Y2qGWks","candidato_fuera_prensa_o_nuevo","Contenido 'Chile desde los Datos' de Experiencia Tech; parece entrevista/proyecto audiovisual y puede pertenecer mejor a apariciones públicas que a prensa tradicional.","","decidir taxonomía y fechar"
"zZnNwRWO-lA","Pasajeros ciegos no pueden salir de la estación Universidad de Chile por falta de accesibilidad","Ariel López","https://www.youtube.com/watch?v=zZnNwRWO-lA","candidato_nuevo_fuerte","Tema de accesibilidad: pasajeros ciegos sin salida en estación Universidad de Chile; no existe fila equivalente clara.","","buscar medio y fecha"
"xD0N73Y-QTo","Entrevista en Canal 13 respecto a los buses articulados eléctricos","Ariel López","https://www.youtube.com/watch?v=xD0N73Y-QTo","alternativa_confirmada","Entrevista Canal 13 sobre buses articulados eléctricos; coincide con cobertura ya catalogada.","2025-11-02 | Canal 13 | Vuelven los buses articulados...","conservar como audiovisual alternativo"
"frsKK0-YtR8","Los beneficios de los buses eléctricos articulados","Ariel López","https://www.youtube.com/watch?v=frsKK0-YtR8","alternativa_confirmada","Clip sobre beneficios de buses eléctricos articulados; mismo hecho de Canal 13 ya catalogado.","2025-11-02 | Canal 13 | Vuelven los buses articulados...","conservar como audiovisual alternativo"
"3kBjdT_W1Ls","Entrevista en Mega por mala señalización en AVO","Ariel López","https://www.youtube.com/watch?v=3kBjdT_W1Ls","candidato_nuevo_fuerte","Entrevista identificada en Mega por señalización deficiente en AVO; el catálogo tiene Chilevisión sobre señalética, no esta aparición en Mega.","2025-09 señalización autopistas","verificar fecha exacta y vincular con video oficial"
"XC_g7fkwJlI","Chileans report driving complications due to errors in highway signage","Meganoticias","https://www.youtube.com/watch?v=XC_g7fkwJlI","candidato_nuevo_fuerte","Video oficial de Meganoticias sobre errores de señalización; probablemente es la contraparte oficial del clip 3kBjdT_W1Ls.","2025-09 señalización autopistas","tratar junto con 3kBjdT_W1Ls para no duplicar"
"oDi4uUIuvRQ","LOS ROBOS DEL SIGLO, CAP.7 INGENIERO ARIEL LOPEZ","NoMasTagChile","https://www.youtube.com/watch?v=oDi4uUIuvRQ","candidato_nuevo","Participación en 'Los robos del siglo' del canal NoMasTagChile; no existe registro equivalente claro.","","verificar naturaleza del programa y fecha"
"rdHeqIFw_qI","Nuevas filtraciones en túnel AVO: Expertos hacen lapidario análisis de la autopista","Meganoticias","https://www.youtube.com/watch?v=rdHeqIFw_qI","alternativa_confirmada","Video oficial de Meganoticias sobre nuevas filtraciones AVO; coincide con cobertura del 2024-06-29 ya catalogada.","2024-06-29 | Meganoticias | Continúan las filtraciones...","conservar como audiovisual alternativo"
"-zvmYIR3JiA","Entrevista en Radio Biobio por proyecto de mejoramiento de la Av. España en Valparaíso","Ariel López","https://www.youtube.com/watch?v=-zvmYIR3JiA","candidato_nuevo_fuerte","Entrevista explícita en Radio Bío Bío sobre mejoramiento de Av. España en Valparaíso; no hay fila equivalente clara.","","buscar fecha/emisión"
"UK5PgaqYTCA","Matinal Chilevisión con mujer contra el tránsito GAP","Ariel López","https://www.youtube.com/watch?v=UK5PgaqYTCA","posible_segunda_aparicion_mismo_medio","Matinal Chilevisión sobre mujer contra el tránsito; el evento ya está catalogado en Chilevisión pero este clip puede ser una aparición/programa distinto.","2024-04-04 | Chilevisión | Circuló contra el tránsito...","comparar con enlace existente"
"eMn6VYsYG74","Noticias Chilevisión, mujer contra el trànsito","Ariel López","https://www.youtube.com/watch?v=eMn6VYsYG74","posible_segunda_aparicion_mismo_medio","Noticias Chilevisión sobre el mismo evento; podría ser una segunda aparición dentro del mismo medio.","2024-04-04 | Chilevisión | Circuló contra el tránsito...","comparar con matinal y criterio de unidad"
"nAcN3K2O9_I","Sugerencias para viajar en días festivos","Ariel López","https://www.youtube.com/watch?v=nAcN3K2O9_I","candidato_nuevo","Consejos para viajar en días festivos; no hay correspondencia inequívoca con la fila sugerida.","","identificar medio y fecha"
"eqzU13J7s9U","Entrevista en Tu día por rebaja del TAG e 50% en AVO","Ariel López","https://www.youtube.com/watch?v=eqzU13J7s9U","candidato_nuevo_fuerte","Entrevista en Tu Día/Canal 13 por rebaja del TAG en AVO; tema distinto de la fila AVO sugerida automáticamente.","","buscar fecha y agregar si corresponde"
"jeUvxR1P2_Q","Entrevista en Canal 13, en el programa Tu día respecto a congestión y agua en AVO","Ariel López","https://www.youtube.com/watch?v=jeUvxR1P2_Q","candidato_nuevo_fuerte","Entrevista en Tu Día/Canal 13 sobre congestión y agua en AVO; puede ser cobertura adicional no individualizada.","2023-2024 | AVO","verificar fecha exacta"
"fWnPKUvifcU","Entrevista en Canal 24 horas por fallas en Autopista Vespucio Oriente","Ariel López","https://www.youtube.com/watch?v=fWnPKUvifcU","probable_alternativa","Entrevista en Canal 24 Horas por fallas AVO; probablemente corresponde a la cobertura TVN/24 Horas ya catalogada.","2023-09-29 | TVN/24 Horas | Tramo de AVO...","comparar contenido"
"8knPd92Xd2c","Entrevista en Canal 13 por fallos en Túnel Ramal Mapocho de AVO","Ariel López","https://www.youtube.com/watch?v=8knPd92Xd2c","probable_alternativa","Entrevista Canal 13 por fallas en Túnel Ramal Mapocho AVO; muy próxima a la fila Canal 13 'Ordenan cierre de tramo de AVO'.","2023-09-28 | Canal 13 | Ordenan cierre...","comparar contenido"
"1fKVxuIqbbI","Entrevista en Radio Biobio por fallas en Túnel Ramal del Mapocho de AVO","Ariel López","https://www.youtube.com/watch?v=1fKVxuIqbbI","candidato_nuevo_fuerte","Entrevista explícita en Radio Bío Bío por fallas del Túnel Ramal Mapocho AVO; no hay fila equivalente de ese medio.","2023-09 AVO","buscar fecha exacta"
"A-H6sjBomWo","Entrevista en CNN","Ariel López","https://www.youtube.com/watch?v=A-H6sjBomWo","requiere_revision","Título genérico 'Entrevista en CNN'; sin tema ni fecha en el inventario plano.","","identificar contenido antes de incorporar"
