"video_id","title","upload_date","channel","url","best_score","gap","press_fecha","press_medio","press_titulo","press_has_link","decision"
"qiSEBsXfSZM","T3 Cap. 5: Ariel López: El desafío de una movilidad inteligente","","Experiencia Tech","https://www.youtube.com/watch?v=qiSEBsXfSZM","curado","—","2026-06-23","Experiencia Tech","El desafío de una movilidad inteligente","yes","manual_linked"
"ZaK4vA_PBaU","¿Ha bajado la frecuencia de las micros? Entrevista en Turno","","Ariel López","https://www.youtube.com/watch?v=ZaK4vA_PBaU","curado","—","2026-06-03","Turno","¿Ha bajado la frecuencia de las micros?","yes","manual_linked"
"hVc75yWFvW8","Multas de hasta 100 veces el monto evadido se aplicarán en el transporte público","","Ariel López","https://www.youtube.com/watch?v=hVc75yWFvW8","curado","—","2026-05-31","Chilevisión","Evasiones: Contraloría aprueba duras sanciones","yes","manual_linked"
"P7KINSF0leM","Pasan 5 horas diarias en transporte público","","Ariel López","https://www.youtube.com/watch?v=P7KINSF0leM","curado","—","2026-05-28","Chilevisión","Pasajeros de Buin y Talagante pasan 5 horas en el transporte público","yes","manual_linked"
"KI6vFrEK8U0","El Desconcierto: Experto REVELA recortes en micros y fallas en el Metro","","Ariel López","https://www.youtube.com/watch?v=KI6vFrEK8U0","curado","—","2026-05-17","El Desconcierto","Experto revela recortes en micros y fallas ocultas en metro","yes","manual_linked"
"rK62xVOsdHE","Entrevista en Radio La Metro sobre los fallos en las escaleras y ascensores del Metro de Santiago","","Ariel López","https://www.youtube.com/watch?v=rK62xVOsdHE","curado","—","2026-05-15","Radio La Metro","La accesibilidad no se mide en porcentajes de dispositivos dañados, porque un ascensor es parte de una trayectoria, un ascensor dañado corta el trayecto completo","yes","manual_linked"
"RJI_peC7eqI","¿Hay menos micros y el metro está mas lleno? Entrevista en el Matinal Tu Día de Canal 13","","Ariel López","https://www.youtube.com/watch?v=RJI_peC7eqI","curado","—","2026-05-06","Canal 13","Hay menos micros y el Metro está más lleno?","yes","manual_linked"
"2lUPQiq9jNE","Radio ADN: Aumento del flujo de pasajeros en transporte público post MEPCO","","Ariel López","https://www.youtube.com/watch?v=2lUPQiq9jNE","curado","—","2026-05-04","Radio ADN","Aumento de flujo de pasajeros en el transporte público tras el aumento del precio de los combustibles","yes","manual_linked"
"RwBmZkIP4Lo","Cambios clave en el transporte público. Entrevista en Teletrece","","Ariel López","https://www.youtube.com/watch?v=RwBmZkIP4Lo","curado","—","2026-05-01","Canal 13","Gobierno ajusta sistema de transporte","yes","manual_linked"
"3pOlMiqAvdE","Mayor falla de escaleras mecanicas del Metro de Santiago en un año","","Ariel López","https://www.youtube.com/watch?v=3pOlMiqAvdE","curado","—","2026-04-29","Chilevisión","Mayor falla de escaleras mecánicas en un año","yes","manual_linked"
"fllMdTBe5Bo","¿Menor flujo de buses en Santiago? Entrevista en Radio Biobio","","Ariel López","https://www.youtube.com/watch?v=fllMdTBe5Bo","curado","—","2026-04-22","Radio Bío Bío","¿Menor flujo de buses en Santiago?","yes","manual_linked"
"z46NLS0mGhc","Gobierno anuncia eliminación de buses orugas durante la noche","","Ariel López","https://www.youtube.com/watch?v=z46NLS0mGhc","curado","—","2026-04-12","Meganoticias","¿Fin de los buses “oruga” por las noches?","yes","manual_linked"
"_2EMhZGeBgM","Si su viaje es mayor a 6 km, es mas barato hacerlo en Transporte Público","","Ariel López","https://www.youtube.com/watch?v=_2EMhZGeBgM","curado","—","2026-03-23","Chilevisión","El transporte público es más barato que el automóvil","yes","manual_linked"
"qXWV-oAsgg4","Entrevista en Súbela Radio respecto a MEPCO y anuncios de cambios en el transporte","","Ariel López","https://www.youtube.com/watch?v=qXWV-oAsgg4","curado","—","2026-03-23","Súbela Radio","¿Qué implican las reformas del MEPCO en nuestro bolsillo?","yes","manual_linked"
"hp2iE6qCOek","Entrevista en TVN respecto a la propuesta del gobierno de reducir la flota de RedMovilidad","","Ariel López","https://www.youtube.com/watch?v=hp2iE6qCOek","curado","—","2026-03-22","TVN","Gobierno descarta reducción de buses operativos de flota Red","yes","manual_linked"
"iUWwHhZIM3Y","Trabajos en calle Bandera  asfaltaron la calle y taparon los desagües","","Ariel López","https://www.youtube.com/watch?v=iUWwHhZIM3Y","curado","—","2026-03-04","Canal 13","Asfaltaron la calle y taparon los desagües","yes","manual_linked"
"tO7NVNrAp14","Buscan a ciclista que huyó tras atropellar a mujer en Antofagasta","","Ariel López","https://www.youtube.com/watch?v=tO7NVNrAp14","curado","—","2026-02-04","Teletrece","Buscan a ciclista que huyó tras atropellar a mujer","yes","manual_linked"
"oIzXFLzT1KE","Calor extremo en estaciones del Metro de Santiago","","Ariel López","https://www.youtube.com/watch?v=oIzXFLzT1KE","curado","—","2026-01-28","Chilevisión","Usuarios en alerta por intenso calor en el Metro","yes","manual_linked"
"lw-MUEorJZg","Entrevista en Meganoticias por conflicto en EFE Biotren","","Ariel López","https://www.youtube.com/watch?v=lw-MUEorJZg","curado","—","2025-12-26","Meganoticias","¿Qué artículos se pueden subir a un tren? Guardias de EFE arrebatan regalo de navidad a una pasajera en el Biotren","yes","manual_linked"
"8A1s-Z9nRXw","Señales en mal estado, y señal ilegal que permite pasar con luz roja","","Ariel López","https://www.youtube.com/watch?v=8A1s-Z9nRXw","curado","—","2025-11-05","Chilevisión","Señal de tránsito que permite pasar el semáforo con luz roja ilegalmente","yes","manual_linked"
"xKTBmdeA4yA","Entrevista en Chilevisión debido al colapso de Estación Tobalaba (L4-L1) del Metro de Santiago","","Ariel López","https://www.youtube.com/watch?v=xKTBmdeA4yA","curado","—","2025-07-31","Chilevisión","Tobalaba al límite: Acusan colapso en andén","yes","manual_linked"
"wo7keUXeX8k","Medidas de autocuidado que se deben tener en las intersecciones","","Ariel López","https://www.youtube.com/watch?v=wo7keUXeX8k","curado","—","2025-05-01","Chilevisión","Medidas de autocuidado peatonal para prevenir accidentes","yes","manual_linked"
"dIADb_pXgx0","Entrevista en Canal 13 por joven atrapada en puerta del bus","","Ariel López","https://www.youtube.com/watch?v=dIADb_pXgx0","curado","—","2025-04-19","Canal 13","Quedó atrapada y fue arrastrada por la micro","yes","manual_linked"
"MaU_9CpTnP4","Entrevista en Chilevisión por ascensor que lleva un año sin funcionar en Bellavista de La Florida","","Ariel López","https://www.youtube.com/watch?v=MaU_9CpTnP4","curado","—","2025-04-04","Chilevisión","Ascensores de Metro sin servicio hace un año","yes","manual_linked"
"shWGLIKIx9g","Entrevista en Chilevision por tarifa de saturación en autopistas urbanas","","Ariel López","https://www.youtube.com/watch?v=shWGLIKIx9g","curado","—","2025-03-12","Chilevisión","Tarifas de saturación en autopistas urbanas","yes","manual_linked"
"GyRzst7C2Fg","Accidentes en Peajes - Entrevista en Megavisiòn","","Ariel López","https://www.youtube.com/watch?v=GyRzst7C2Fg","curado","—","2025-02-11","Meganoticias","Alerta por accidentes en peajes","yes","manual_linked"
"WNm7xF17vWo","Entrevista en BioBio por descarrilamiento en L2 del Metro de Santiago","","Ariel López","https://www.youtube.com/watch?v=WNm7xF17vWo","curado","—","2025-01-09","Radio Bío Bío","Descarrilamiento en L2 del Metro de Santiago","yes","manual_linked"
"MDo4-dxOj_Q","Tarifa de Saturación en las autopistas urbanas de Santiago","","Ariel López","https://www.youtube.com/watch?v=MDo4-dxOj_Q","curado","—","2024-09-08","Meganoticias","Tarifa de saturación en la mira","yes","manual_linked"
"YkNxjkA2KPQ","Filtraciones en AVO - Entrevista en el noticiario de Mega","","Ariel López","https://www.youtube.com/watch?v=YkNxjkA2KPQ","curado","—","2024-06-29","Mega","Continúan las filtraciones de agua en AVO por segundo año consecutivo","yes","manual_linked"
"ZJ1JOduGubA","Filtraciones en AVO - Entrevista en TVN","","Ariel López","https://www.youtube.com/watch?v=ZJ1JOduGubA","curado","—","2024-06-29","TVN","Continúan las filtraciones de agua en AVO por segundo año consecutivo","yes","manual_linked"
"OHkdD9J4ylg","Filtraciones en AVO - Entrevista en Meganoticias","","Ariel López","https://www.youtube.com/watch?v=OHkdD9J4ylg","curado","—","2024-06-29","Meganoticias","Continúan las filtraciones de agua en AVO por segundo año consecutivo","yes","manual_linked"
"_Vx1l5C178M","Entrevista en Radio ADN por buses de dos pisos","","Ariel López","https://www.youtube.com/watch?v=_Vx1l5C178M","curado","—","2024-03-17","Radio ADN","Buses de 2 pisos operan en Santiago hace más de una década","yes","manual_linked"
"zxLaFZoc9kQ","Reportaje de TVN sobre fallas en Autopista Vespucio Oriente","","Ariel López","https://www.youtube.com/watch?v=zxLaFZoc9kQ","curado","—","2023-10-04","TVN","Las dudas que salpican a la concesionaria","yes","manual_linked"
"Ok277EqeA64","Entrevista en Canal 13 por filtraciones de agua en Autopista Vespucio Oriente","","Ariel López","https://www.youtube.com/watch?v=Ok277EqeA64","curado","—","2023-09-28","Canal 13","Filtraciones en Autopista Vespucio Oriente","yes","manual_linked"
"57tCgT5581w","Entrevista por mal estado del pavimento","","Ariel López","https://www.youtube.com/watch?v=57tCgT5581w","curado","—","2023-09-13","Chilevisión","Por mal estado de las vías, motoristas en riesgo","yes","manual_linked"
"x3vWbpOWQ18","Entrevista por disparos contra Metrotren Nos","","Ariel López","https://www.youtube.com/watch?v=x3vWbpOWQ18","curado","—","2023-09-11","Chilevisión","Mujer herida tras disparo a Metrotren Nos","yes","manual_linked"
"LvtEtiMhpFw","Lanzan plan piloto de agentes anti evasión","","Ariel López","https://www.youtube.com/watch?v=LvtEtiMhpFw","1.000","0.508","2026-09-23","Chilevisión","Lanzan plan piloto de agentes anti evasión","yes","review"
"VabJoemqkmQ","Agentes anti evasión deberán validar su utilidad","","Ariel López","https://www.youtube.com/watch?v=VabJoemqkmQ","0.989","0.543","2026-09-21","Chilevisión","Agentes antievasión deberán validar su utilidad","yes","review"
"YTttTnrETpM","Menos días, pero más muertes en accidentes","","Ariel López","https://www.youtube.com/watch?v=YTttTnrETpM","0.710","0.174","2026-09-21","Canal 13","Menos días, pero más muertes en accidentes de tránsito durante las Fiestas Patrias","yes","review"
"9Nw_F5IfDGM","","","","https://www.youtube.com/watch?v=9Nw_F5IfDGM","0.000","0.000","2026-09-23","Chilevisión","Lanzan plan piloto de agentes anti evasión","yes","unmatched"
"qFsSvMTg-n0","Gobierno negocia con concesionarias para bajar el TAG","","Ariel López","https://www.youtube.com/watch?v=qFsSvMTg-n0","1.000","0.418","2026-09-20","Canal 13","Gobierno negocia con concesionarias para bajar el TAG","yes","review"
"98e0AedpRQo","¿Se pudo evitar la tragedia del metro?","","Ariel López","https://www.youtube.com/watch?v=98e0AedpRQo","1.000","0.465","2026-09-03","Canal 13","¿Se pudo evitar la tragedia del Metro?","yes","review"
"9uX5UyUwJnU","Conflicto sobre ruedas merece más de una vueelta","","Ariel López","https://www.youtube.com/watch?v=9uX5UyUwJnU","0.989","0.533","2026-09-02","Chilevisión","Conflicto sobre ruedas merece más de una vuelta","yes","review"
"BCJpRefGsIs","Algunas estaciones del Metro llevan meses sin ascensor","","Ariel López","https://www.youtube.com/watch?v=BCJpRefGsIs","0.917","0.244","2026-08-23","Chilevisión","Algunas estaciones llevan meses sin ascensor","yes","review"
"GJP47tBRp8g","Quedó atrapada en puerta y micro la arrolló","","Ariel López","https://www.youtube.com/watch?v=GJP47tBRp8g","1.000","0.402","2026-08-20","Canal 13","Quedó atrapada en puerta y micro la arrolló","yes","review"
"4jfDA6tlSKY","49 años de vida cumplió la restricción vehícular","","Ariel López","https://www.youtube.com/watch?v=4jfDA6tlSKY","0.495","0.043","2020-04-25","El Mercurio","Paseo Bandera, convertido en estacionamiento irregular","no","unmatched"
"62EmAiDJwak","Incendio en Metro abre debate sobre renovación de trenes","","CNN Chile","https://www.youtube.com/watch?v=62EmAiDJwak","1.000","0.504","2026-07-29","CNN Chile","Incendio en Metro abre debate sobre renovación de trenes","yes","review"
"p5LH7RFvLzM","¿Qué provocó el incendio en el Metro?","","Ariel López","https://www.youtube.com/watch?v=p5LH7RFvLzM","1.000","0.437","2026-07-28","Canal 13","¿Qué provocó el incendio en el Metro?","yes","review"
"MRthnyOPgw0","Car fire at Santa Isabel Metro station: Affected train is 50 years old","","Teletrece","https://www.youtube.com/watch?v=MRthnyOPgw0","0.441","0.012","2020-11-03","La Tercera","Aumenta número de ciclistas fallecidos en accidentes de tránsito en pandemia","no","unmatched"
"Sr1Buww2saY","Accidentes en scooter aumentaron un 84%","","Ariel López","https://www.youtube.com/watch?v=Sr1Buww2saY","0.488","0.020","2025-04-04","Chilevisión","Ascensores de Metro sin servicio hace un año","yes","unmatched"
"BcuezElgjhM","Condujo a 264 km/h y quedó en libertad con licencia de conducir","","Ariel López","https://www.youtube.com/watch?v=BcuezElgjhM","0.680","0.236","2026-06-22","Canal 13","Manejó a 264 km/h y quedó en libertad","yes","unmatched"
"Ne8okX43Tps","Contraloría rechazó las modificaciones a la Ley Uber propuestas por el ministro de transportes","","Ariel López","https://www.youtube.com/watch?v=Ne8okX43Tps","1.000","0.500","2026-06-12","Radio 13C","Contraloría rechazó las modificaciones a la Ley Uber propuestas por el ministro de transportes","yes","review"
"X4SavlOuqxg","¿Hay menos frecuencia de buses en Santiago? entrevista en TVN","","Ariel López","https://www.youtube.com/watch?v=X4SavlOuqxg","0.900","0.285","2026-06-10","TVN","¿Hay menos frecuencia de buses en Santiago?","yes","review"
"5dGMB_IPaeY","¿Por qué FALTAN más micros? El ESTUDIO que CUESTIONA al ministro Louis De Grange | #TurnoEnVivo","","Turno","https://www.youtube.com/watch?v=5dGMB_IPaeY","0.476","0.010","2026-04-15","Contrapoder","El estudio que desmiente al Ministerio de Transportes y confirma que hay menos buses en circulación","yes","unmatched"
"Gq86xSXwfds","Tacos eternos, la pesadilla de Chicureo","","Ariel López","https://www.youtube.com/watch?v=Gq86xSXwfds","1.000","0.478","2026-06-02","Canal 13","Tacos eternos, la pesadilla de Chicureo","yes","review"
"cadtj6tjDvE","Expert REVEALS bus cuts and hidden subway failures","","El Desconcierto","https://www.youtube.com/watch?v=cadtj6tjDvE","0.459","0.042","2026-05-17","El Desconcierto","Experto revela recortes en micros y fallas ocultas en metro","yes","unmatched"
"enEKFN2bnFA","Metro: Récord de ascensores y escaleras mecánicas malos. Entrevista en TVN","","Ariel López","https://www.youtube.com/watch?v=enEKFN2bnFA","0.935","0.304","2026-05-15","TVN","Metro: récord de escaleras mecánicas y ascensores malos","yes","review"
"Jb0as9jQhwg","Aumento de flujo y de fallas en el Metro de Santiago","","Ariel López","https://www.youtube.com/watch?v=Jb0as9jQhwg","1.000","0.355","2026-05-13","Radio ADN","Aumento de flujo y de fallas en el Metro de Santiago","yes","review"
"W0lGbExM73I","Promedio de 32 estaciones no accesibles del Metro cada día","","Ariel López","https://www.youtube.com/watch?v=W0lGbExM73I","0.557","0.015","2026-05-12","Meganoticias","Récord de fallas en estaciones de Metro","yes","unmatched"
"2KSeM42Nmuw","Metro, reportan record de fallas en Abril","","Ariel López","https://www.youtube.com/watch?v=2KSeM42Nmuw","1.000","0.395","2026-05-12","Chilevisión","Metro, reportan récord de fallas en abril","yes","review"
"nrhPDMfspWY","Record de fallas en estaciones de Metro","","Ariel López","https://www.youtube.com/watch?v=nrhPDMfspWY","1.000","0.395","2026-05-12","Meganoticias","Récord de fallas en estaciones de Metro","yes","review"
"ePOvWnUbPoc","1 de cada 3 estaciones del Metro de Santiago presenta falla","","Ariel López","https://www.youtube.com/watch?v=ePOvWnUbPoc","1.000","0.409","2026-05-12","Mega","1 de cada 3 estaciones del Metro de Santiago presenta falla","yes","review"
"djDk8ziUC4o","Rescatan a 5 mujeres atrapadas en ascensor del Metro de Santiago","","Ariel López","https://www.youtube.com/watch?v=djDk8ziUC4o","0.603","0.003","2026-05-13","Radio ADN","Aumento de flujo y de fallas en el Metro de Santiago","yes","unmatched"
"rcHPTWyjTpI","Santiaguinos se niegan a dejar el auto","","Ariel López","https://www.youtube.com/watch?v=rcHPTWyjTpI","1.000","0.482","2026-05-10","Canal 13","Santiaguinos se niegan a dejar el auto","yes","review"
"Rws1f3d8464","Fallas en escaleras mecánicas y ascensores del Metro de Santiago","","Ariel López","https://www.youtube.com/watch?v=Rws1f3d8464","1.000","0.218","2026-04-30","Teletrece","Fallas en escaleras mecánicas y ascensores del Metro","yes","review"
"RBJw0cmIr7g","Safety or jobs? Expert analyzes the controversial adjustments to the Uber Law","","Radio13c","https://www.youtube.com/watch?v=RBJw0cmIr7g","0.403","0.003","2020-04-25","El Mercurio","Paseo Bandera, convertido en estacionamiento irregular","no","unmatched"
"A_F88IWgBLU","Gobierno evalúa bajar tarifa del TAG","","Ariel López","https://www.youtube.com/watch?v=A_F88IWgBLU","1.000","0.425","2026-04-20","Chilevisión","Gobierno evalúa bajar tarifa del TAG","yes","review"
"ibpdDmZKBF8","Paraderos llenos: menos micros o más pasajeros","","Ariel López","https://www.youtube.com/watch?v=ibpdDmZKBF8","1.000","0.391","2026-04-19","Chilevisión","Paraderos llenos: menos micros o más pasajeros","yes","review"
"dtc_khqpOac","Mas pasajeros en buses e igual flota = mas hacinamiento. Entrevista en Canal 13","","Ariel López","https://www.youtube.com/watch?v=dtc_khqpOac","0.520","0.061","2023-04-08","Canal 13","Pasajeros se suben a tren de Metro que circula con puerta abierta","no","unmatched"
"4ZjCe7eLxps","Entrevista en Radio ADN respecto al transporte público, trenes y ciclovías","","Ariel López","https://www.youtube.com/watch?v=4ZjCe7eLxps","0.674","0.135","2024-06-04","Radio ADN","Entrevista en Radio ADN sobre ciclovías y patinetas","yes","unmatched"
"hSa0Wf2G6hg","Entrevista en Biobio por propuesta de mejoras en Taxis Colectivos","","Ariel López","https://www.youtube.com/watch?v=hSa0Wf2G6hg","0.500","0.008","2024-06-04","Radio ADN","Entrevista en Radio ADN sobre ciclovías y patinetas","yes","unmatched"
"htWZWqN3HzQ","Usuario se graba abriendo las puertas de los vagones del Metro de Santiago","","Ariel López","https://www.youtube.com/watch?v=htWZWqN3HzQ","1.000","0.407","2026-02-10","Canal 13","Usuario se graba abriendo puertas de vagones del Metro de Santiago","yes","review"
"Qecg6VEBtqI","Turistas sorprendidos por respeto vial en Chile","","Ariel López","https://www.youtube.com/watch?v=Qecg6VEBtqI","1.000","0.516","2026-01-29","Chilevisión","Turistas sorprendidos por respeto vial","yes","review"
"XJNsBgq8XxM","Falla en tuneladora del Metro de Santiago","","Ariel López","https://www.youtube.com/watch?v=XJNsBgq8XxM","0.706","0.082","2025-01-09","Radio Bío Bío","Descarrilamiento en L2 del Metro de Santiago","yes","review"
"sXHqtI5C3EA","Conductor de scooter muere tras ser colisionado por automovilista en estado de ebriedad","","Ariel López","https://www.youtube.com/watch?v=sXHqtI5C3EA","1.000","0.522","2025-12-27","Chilevisión","Conductor de scooter muere tras ser colisionado por automovilista en estado de ebriedad","yes","review"
"C3rMlaL6bVI","EFE Biotren no permite el ingreso de una bicicleta de niño en día de navidad","","Ariel López","https://www.youtube.com/watch?v=C3rMlaL6bVI","0.487","0.005","2020-03-30","LUN","Ingeniero en transportes le saca trote a su bicicleta que aguanta 100 kilos de carga","yes","unmatched"
"0TRdYDd9Hx4","Respecto a impedir llevar bicicletas en el tren: el caso de Concepción Biotren EFE","","Ariel López","https://www.youtube.com/watch?v=0TRdYDd9Hx4","0.486","0.011","2020-12-09","El Mercurio","Infraestructura para bicicletas: ¿Se pueden concesionar las ciclovías?","no","unmatched"
"EJg0Y2qGWks","Chile desde los Datos","","Experiencia Tech","https://www.youtube.com/watch?v=EJg0Y2qGWks","0.433","0.007","2021-11-09","LUN","Ciclovía de Lyon tendrá sólo un sentido","no","unmatched"
"omDSUWWrVnI","Calor en los andenes del Metro","","Ariel López","https://www.youtube.com/watch?v=omDSUWWrVnI","0.718","0.108","2025-12-17","Canal 13","Denuncian aire caliente en los andenes del Metro","yes","review"
"zZnNwRWO-lA","Pasajeros ciegos no pueden salir de la estación Universidad de Chile por falta de accesibilidad","","Ariel López","https://www.youtube.com/watch?v=zZnNwRWO-lA","0.438","0.003","2024-05-13","LUN","Las esquinas donde estarán las estaciones de la línea 8 del Metro","yes","unmatched"
"xD0N73Y-QTo","Entrevista en Canal 13 respecto a los buses articulados eléctricos","","Ariel López","https://www.youtube.com/watch?v=xD0N73Y-QTo","0.683","0.169","2025-11-02","Canal 13","Vuelven los buses articulados: ahora son eléctricos","yes","unmatched"
"frsKK0-YtR8","Los beneficios de los buses eléctricos articulados","","Ariel López","https://www.youtube.com/watch?v=frsKK0-YtR8","0.564","0.036","2025-11-02","Canal 13","Vuelven los buses articulados: ahora son eléctricos","yes","unmatched"
"sn5ho1ex2lU","Metro de Santiago bajo la lupa: Aumentan las fallas externas","","Ariel López","https://www.youtube.com/watch?v=sn5ho1ex2lU","0.930","0.408","2025-10-14","Chilevisión","Metro de Santiago bajo la lupa: aumentan fallas internas","yes","review"
"qaR0XPjDlbw","Nuevo enlace tipo turbina entre Américo Vespucio y Ruta 68","","Ariel López","https://www.youtube.com/watch?v=qaR0XPjDlbw","0.860","0.225","2025-10-13","LUN","Nuevo enlace tipo turbina en Vespucio con Ruta 68","yes","review"
"LGCmlRfq9l8","La mala señalización de Autopista Vespucio Oriente","","Ariel López","https://www.youtube.com/watch?v=LGCmlRfq9l8","0.761","0.201","2023-09-28","Canal 13","Filtraciones en Autopista Vespucio Oriente","yes","review"
"3kBjdT_W1Ls","Entrevista en Mega por mala señalización en AVO","","Ariel López","https://www.youtube.com/watch?v=3kBjdT_W1Ls","0.527","0.012","2025-04-04","Chilevisión","Ascensores de Metro sin servicio hace un año","yes","unmatched"
"XC_g7fkwJlI","Chileans report driving complications due to errors in highway signage","","Meganoticias","https://www.youtube.com/watch?v=XC_g7fkwJlI","0.411","0.003","2024-02-03","LUN","Comienzan desvíos por la construcción de AVO2: Durarán 4 años y 10 meses","yes","unmatched"
"zxNVfifgpdU","Vehículos mal estacionados impiden el paso de bomberos","","Ariel López","https://www.youtube.com/watch?v=zxNVfifgpdU","1.000","0.505","2025-08-08","Chilevisión","Vehículos mal estacionados impiden el paso de bomberos","yes","review"
"wfPDoxWQYWk","Monitoreando el estado de escaleras y ascensores del Metro de Santiago","","Ariel López","https://www.youtube.com/watch?v=wfPDoxWQYWk","0.806","0.170","2026-05-13","Radio Bío Bío","Aumentan las fallas de escaleras y ascensores en el Metro de Santiago","no","review"
"yclmLliDe5I","Dos mujeres mueren atropelladas por bus Red","","Ariel López","https://www.youtube.com/watch?v=yclmLliDe5I","0.917","0.466","2025-05-01","Chilevisión","Dos mujeres mueren atropelladas por bus Red Movilidad","yes","review"
"oDi4uUIuvRQ","LOS ROBOS DEL SIGLO, CAP.7 INGENIERO ARIEL LOPEZ","","NoMasTagChile","https://www.youtube.com/watch?v=oDi4uUIuvRQ","0.491","0.000","2024-10-03","Consejo de Políticas de Infraestructura (CPI)","Tren Santiago-Valparaíso, por Camila Balbontín y Ariel López","yes","unmatched"
"_Y-C4mD8yJA","Entrevista en Radio Pauta respecto a los desafíos ante el creciente uso de scooters en Santiago","","Ariel López","https://www.youtube.com/watch?v=_Y-C4mD8yJA","curado","—","2024-07-31","Radio Pauta","Una ley ambigua y falta de educación vial: los desafíos ante el creciente uso de scooters en Santiago","yes","manual_linked"
"rdHeqIFw_qI","Nuevas filtraciones en túnel AVO: Expertos hacen lapidario análisis de la autopista","","Meganoticias","https://www.youtube.com/watch?v=rdHeqIFw_qI","0.490","0.000","2024-06-29","Mega","Continúan las filtraciones de agua en AVO por segundo año consecutivo","yes","unmatched"
"0jhgRT3e3xo","Entrevista en Radio ADN sobre ciclovías y patinetas","","Ariel López","https://www.youtube.com/watch?v=0jhgRT3e3xo","1.000","0.407","2024-06-04","Radio ADN","Entrevista en Radio ADN sobre ciclovías y patinetas","yes","review"
"-zvmYIR3JiA","Entrevista en Radio Biobio por proyecto de mejoramiento de la Av. España en Valparaíso","","Ariel López","https://www.youtube.com/watch?v=-zvmYIR3JiA","0.473","0.014","2026-01-07","LUN","¿Cierto que es un placer andr por las cajjes despejadas durante el verano en Santiago?","yes","unmatched"
"UK5PgaqYTCA","Matinal Chilevisión con mujer contra el tránsito GAP","","Ariel López","https://www.youtube.com/watch?v=UK5PgaqYTCA","0.561","0.036","2024-04-04","Chilevisión","Circuló contra el tránsito y me agrede por decírselo","yes","unmatched"
"eMn6VYsYG74","Noticias Chilevisión, mujer contra el trànsito","","Ariel López","https://www.youtube.com/watch?v=eMn6VYsYG74","0.575","0.028","2024-04-04","Chilevisión","Circuló contra el tránsito y me agrede por decírselo","yes","unmatched"
"nAcN3K2O9_I","Sugerencias para viajar en días festivos","","Ariel López","https://www.youtube.com/watch?v=nAcN3K2O9_I","0.495","0.021","2026-09-20","Canal 13","Gobierno negocia con concesionarias para bajar el TAG","yes","unmatched"
"eqzU13J7s9U","Entrevista en Tu día por rebaja del TAG e 50% en AVO","","Ariel López","https://www.youtube.com/watch?v=eqzU13J7s9U","0.475","0.007","2023-09-29","TVN / 24 Horas","Tramo de AVO afectado por filtraciones de agua se mantendrá cerrado","yes","unmatched"
"jeUvxR1P2_Q","Entrevista en Canal 13, en el programa Tu día respecto a congestión y agua en AVO","","Ariel López","https://www.youtube.com/watch?v=jeUvxR1P2_Q","0.481","0.023","2020-01-14","La Tercera","Obras en La Pirámide generan alta congestión y reclamos entre los usuarios","yes","unmatched"
"fWnPKUvifcU","Entrevista en Canal 24 horas por fallas en Autopista Vespucio Oriente","","Ariel López","https://www.youtube.com/watch?v=fWnPKUvifcU","0.613","0.066","2023-09-28","Canal 13","Filtraciones en Autopista Vespucio Oriente","yes","unmatched"
"8knPd92Xd2c","Entrevista en Canal 13 por fallos en Túnel Ramal Mapocho de AVO","","Ariel López","https://www.youtube.com/watch?v=8knPd92Xd2c","0.532","0.053","2023-09-28","Canal 13","Ordenan cierre de tramo de AVO","yes","unmatched"
"1fKVxuIqbbI","Entrevista en Radio Biobio por fallas en Túnel Ramal del Mapocho de AVO","","Ariel López","https://www.youtube.com/watch?v=1fKVxuIqbbI","0.525","0.030","2024-06-04","Radio ADN","Entrevista en Radio ADN sobre ciclovías y patinetas","yes","unmatched"
"j63Sw7Tbi2Y","Entrevista por agua en Autopista Vespucio Oriente","","Ariel López","https://www.youtube.com/watch?v=j63Sw7Tbi2Y","0.747","0.087","2023-09-28","Canal 13","Filtraciones en Autopista Vespucio Oriente","yes","review"
"A-H6sjBomWo","Entrevista en CNN","","Ariel López","https://www.youtube.com/watch?v=A-H6sjBomWo","0.471","0.005","2024-06-04","Radio ADN","Entrevista en Radio ADN sobre ciclovías y patinetas","yes","unmatched"
