fecha,precision_fecha,anio,medio,titulo,enlace,tipo,tema,coautores,fuente_indice,estado,nota
"2026-09-03","día","2026","Cooperativa","El boomerang de bajar el TAG","https://opinion.cooperativa.cl/opinion/transportes/el-boomerang-de-bajar-el-tag/2026-09-03/074924.html","columna","autopistas, tarificación y demanda","","https://blog.ariellopez.cl/columnas-de-opini%C3%B3n-244852c050ce","verificado",""
"2026-08-06","día","2026","BioBioChile","Metro para hoy, mantención para mañana","https://www.biobiochile.cl/noticias/opinion/columnas-bbcl/2026/08/06/metro-para-hoy-mantencion-para-manana.shtml","columna","Metro, material rodante y mantenimiento","","https://blog.ariellopez.cl/columnas-de-opini%C3%B3n-244852c050ce","verificado",""
"2026-08","mes","2026","Contrapoder","Lo que dejó el incendio del tren en Santa Isabel: Estaciones de Metro no cuentan con extintores","https://contrapoderchile.cl/lo-que-dejo-el-incendio-del-tren-en-santa-isabel-estaciones-de-metro-no-cuentan-con-extintores/","columna","Metro, seguridad contra incendios y fiscalización","","https://blog.ariellopez.cl/columnas-de-opini%C3%B3n-244852c050ce","verificado","El medio expone fecha relativa; mes inferido de forma robusta por contexto temporal y fecha de rastreo, sin asignar día."
"2026-07-30","día","2026","Cooperativa","¿Metro se manda solo?","https://opinion.cooperativa.cl/opinion/transportes/metro-se-manda-solo/2026-07-30/063143.html","columna","Metro, seguridad ferroviaria y gobernanza","","https://blog.ariellopez.cl/columnas-de-opini%C3%B3n-244852c050ce","verificado",""
"2026-06","mes","2026","Contrapoder","Ley Uber: El traje a la medida que dejó vestido al biministro Louis de Grange","https://contrapoderchile.cl/ley-uber-el-traje-a-la-medida-que-dejo-vestido-al-biministro-louis-de-grange/","columna","regulación de aplicaciones de transporte y seguridad","","https://blog.ariellopez.cl/columnas-de-opini%C3%B3n-244852c050ce","verificado","El medio expone fecha relativa; se conserva precisión mensual, sin inventar día."
"2026-05-16","día","2026","La Tercera","Toda la red disponible, pero no para todos","https://www.latercera.com/opinion/noticia/toda-la-red-disponible-pero-no-para-todos/","columna","Metro, accesibilidad y mantenimiento","","https://blog.ariellopez.cl/columnas-de-opini%C3%B3n-244852c050ce","verificado",""
"2026-02","mes","2026","Contrapoder","Caso Gasco: Cuando las autopistas urbanas son sin dios ni ley","https://contrapoderchile.cl/caso-gasco-cuando-las-autopistas-urbanas-son-sin-dios-ni-ley/","columna","autopistas urbanas, seguridad vial y fiscalización","","https://blog.ariellopez.cl/columnas-de-opini%C3%B3n-244852c050ce","verificado","Publicación anterior al 3 de marzo de 2026; se conserva precisión mensual."
"2025-10-22","día","2025","Cooperativa","¿Quién quemó el Metro?","https://opinion.cooperativa.cl/opinion/transportes/quien-quemo-el-metro/2025-10-22/062918.html","columna","Metro, investigación y 18-O","","https://blog.ariellopez.cl/columnas-de-opini%C3%B3n-244852c050ce","verificado",""
"2025-10","mes","2025","Contrapoder","Una maquinaria inmobiliaria: La Florida es la nueva Estación Central","https://contrapoderchile.cl/una-maquinaria-inmobiliaria-la-florida-es-la-nueva-estacion-central/","columna","densificación, urbanismo y regulación inmobiliaria","","https://blog.ariellopez.cl/columnas-de-opini%C3%B3n-244852c050ce","verificado","El sitio muestra fecha relativa; se conserva precisión mensual."
"2025-08-26","día","2025","Cooperativa","El colesterol de las calles","https://opinion.cooperativa.cl/opinion/transportes/el-colesterol-de-las-calles/2025-08-26/063430.html","columna","automóvil, estacionamiento y espacio vial","","https://blog.ariellopez.cl/columnas-de-opini%C3%B3n-244852c050ce","verificado",""
"2025-07-28","día","2025","Cooperativa","Próxima estación... publicidad","https://opinion.cooperativa.cl/opinion/transportes/proxima-estacion-publicidad/2025-07-28/063456.html","columna","Metro, señalética y publicidad","","https://blog.ariellopez.cl/columnas-de-opini%C3%B3n-244852c050ce","verificado",""
"2025-07-26","día","2025","La Tercera","Línea 9: otra oportunidad perdida","https://www.latercera.com/cartas-al-director/noticia/linea-9-otra-oportunidad-perdida/","carta_opinion","Metro, accesibilidad territorial y planificación urbana","Luis Fuentes","https://blog.ariellopez.cl/columnas-de-opini%C3%B3n-244852c050ce","verificado",""
"2025-04-21","día","2025","Cooperativa","Auto-ridades destruyendo ciclovías para resolver la congestión","https://opinion.cooperativa.cl/opinion/transportes/auto-ridades-destruyendo-ciclovias-para-resolver-la-congestion/2025-04-21/081207.html","columna","movilidad ciclista, congestión y espacio vial","","https://blog.ariellopez.cl/columnas-de-opini%C3%B3n-244852c050ce","verificado",""
"2025-03-30","día","2025","SOCHITRAN","Renovación de licencias de conducir: soluciones que dan más problemas","https://sochitran.cl/2025/03/30/renovacion-de-licencias-de-conducir-soluciones-que-dan-mas-problemas/","newsletter_columna","licencias de conducir y gestión pública","","https://blog.ariellopez.cl/columnas-de-opini%C3%B3n-244852c050ce","verificado",""
"2025-01-24","día","2025","Cooperativa","No todos pueden andar en bicicleta","https://opinion.cooperativa.cl/opinion/transportes/no-todos-pueden-andar-en-bicicleta/2025-01-24/094814.html","columna","movilidad ciclista, equidad y elección modal","","https://blog.ariellopez.cl/columnas-de-opini%C3%B3n-244852c050ce","verificado",""
"2025","año","2025","Contrapoder","Bandera: las auto-ridades y la ideología de los estacionamientos","https://contrapoderchile.cl/bandera-las-auto-ridades-y-la-ideologia-de-los-estacionamientos/","columna","espacio público, peatonalización y estacionamientos","","https://blog.ariellopez.cl/columnas-de-opini%C3%B3n-244852c050ce","verificado","El sitio no expone fecha absoluta estable en la versión accesible; se conserva sólo el año."
"2024-10-02","día","2024","El Mercurio de Valparaíso","Tren Santiago-Valparaíso","https://www.infraestructurapublica.cl/tren-santiago-valparaiso-por-camila-balbontin-y-ariel-lopez/","columna","ferrocarriles e integración territorial","Camila Balbontín","https://blog.ariellopez.cl/columnas-de-opini%C3%B3n-244852c050ce","verificado","Enlace de respaldo del Consejo de Políticas de Infraestructura; la fuente identifica la publicación original en El Mercurio de Valparaíso del 2 de octubre de 2024."
"2024-07-30","día","2024","SOCHITRAN","Una llamada urgente al tren","https://sochitran.cl/2024/07/30/una-llamada-urgente-al-tren/","newsletter_columna","ferrocarriles, seguridad y operación","","https://blog.ariellopez.cl/columnas-de-opini%C3%B3n-244852c050ce","verificado",""
"2024-07-08","día","2024","Cooperativa","El Consejo Asesor de Infraestructura Pública","https://opinion.cooperativa.cl/opinion/urbanismo/el-consejo-asesor-de-infraestructura-publica/2024-07-08/134244.html","columna","infraestructura pública y gobernanza","","https://blog.ariellopez.cl/columnas-de-opini%C3%B3n-244852c050ce","verificado",""
"2024-04-30","día","2024","Cooperativa","Participación ciudadana, un modelo extractivista en crisis","https://opinion.cooperativa.cl/opinion/ciudadania/participacion-ciudadana-un-modelo-extractivista-en-crisis/2024-04-30/100954.html","columna","participación ciudadana y políticas públicas","","https://blog.ariellopez.cl/columnas-de-opini%C3%B3n-244852c050ce","verificado",""
"2024-03-28","día","2024","Cooperativa","El plot twist de los buses en Santiago","https://opinion.cooperativa.cl/opinion/transportes/el-plot-twist-de-los-buses-en-santiago/2024-03-28/064404.html","columna","transporte público, buses y tarifas","","https://blog.ariellopez.cl/columnas-de-opini%C3%B3n-244852c050ce","verificado",""
"2024-02-05","día","2024","Cooperativa","Andrés Bello y sus 40 años de reversibilidad","https://opinion.cooperativa.cl/opinion/transportes/andres-bello-y-sus-40-anos-de-reversibilidad/2024-02-05/124415.html","columna","gestión vial, reversibilidad y ciudad","","https://blog.ariellopez.cl/columnas-de-opini%C3%B3n-244852c050ce","verificado",""
"2024-01-15","día","2024","Cooperativa","Baterías, el talón de Aquiles de la electromovilidad","https://opinion.cooperativa.cl/opinion/transportes/baterias-el-talon-de-aquiles-de-la-electromovilidad/2024-01-15/073041.html","columna","electromovilidad y baterías","","https://blog.ariellopez.cl/columnas-de-opini%C3%B3n-244852c050ce","verificado",""
"2023-11-14","día","2023","Cooperativa","Autopista Orbital de Santiago, ¿un camino al pasado?","https://opinion.cooperativa.cl/opinion/transportes/autopista-orbital-de-santiago-un-camino-al-pasado/2023-11-14/092042.html","columna","autopistas y planificación metropolitana","","https://blog.ariellopez.cl/columnas-de-opini%C3%B3n-244852c050ce","verificado",""
"2023-10-31","día","2023","Cooperativa","Autos vacíos","https://opinion.cooperativa.cl/opinion/transportes/autos-vacios/2023-10-31/083744.html","columna","automóvil, estacionamiento y uso del espacio","","https://blog.ariellopez.cl/columnas-de-opini%C3%B3n-244852c050ce","verificado",""
"2023-08-31","día","2023","SOCHITRAN","Ensamblando el rompecabezas normativo de transporte y urbanismo utilizando inteligencia artificial","https://sochitran.cl/2023/08/31/ensamblando-el-rompecabezas-normativo-de-transporte-y-urbanismo-utilizando-inteligencia-artificial/","newsletter_columna","inteligencia artificial, normativa y urbanismo","","https://blog.ariellopez.cl/columnas-de-opini%C3%B3n-244852c050ce","verificado",""
"2023-08-18","día","2023","Cooperativa","Transporte público con tarifa mensual, un paso al derecho a la movilidad urbana","https://opinion.cooperativa.cl/opinion/transportes/transporte-publico-con-tarifa-mensual-un-paso-al-derecho-a-la-movilidad/2023-08-18/103514.html","columna","tarifas, transporte público y derecho a la movilidad","Claudia Rodríguez; Genaro Cuadros; Alba Vásquez; Jorge Inostroza; Jeanette Orozco; Cristóbal Pineda","https://blog.ariellopez.cl/columnas-de-opini%C3%B3n-244852c050ce","verificado",""
"2023-07-04","día","2023","Cooperativa","Red ferroviaria, salir del temporal a toda maquina","https://opinion.cooperativa.cl/opinion/transportes/red-ferroviaria-salir-del-temporal-a-toda-maquina/2023-07-04/151336.html","columna","ferrocarriles, resiliencia y operación","Rodrigo Chávez; Fabián Figueroa","https://blog.ariellopez.cl/columnas-de-opini%C3%B3n-244852c050ce","verificado",""
"2023-06-23","día","2023","SOCHITRAN","Impacto del COVID-19 en las preferencias por modos de transporte en ciudades de América Latina, y qué hemos aprendido de la última pandemia","https://sochitran.cl/2023/06/23/impacto-del-covid-19-en-las-preferencias-por-modos-de-transporte-en-ciudades-de-america-latina-y-que-hemos-aprendido-de-la-ultima-pandemia/","newsletter_columna","pandemia, movilidad y ciudad","Genaro Cuadros; Vesselina Vateva; Daniel Arancibia","https://blog.ariellopez.cl/columnas-de-opini%C3%B3n-244852c050ce","verificado",""
"2022-12-29","día","2022","La Tercera","Peajes y reputación","https://www.latercera.com/opinion/noticia/peajes-y-reputacion/4CDN2DSHOZHTNPC53NJQ6ZO4BY/","carta_opinion","autopistas, peajes y regulación","Jorge Inostroza Sánchez","https://blog.ariellopez.cl/columnas-de-opini%C3%B3n-244852c050ce","verificado",""
"2021-12-07","día","2021","La Tercera","La primera víctima cuando llega la guerra es la verdad","https://www.latercera.com/opinion/noticia/la-primera-victima-cuando-llega-la-guerra-es-la-verdad/MK6UXIVSDFCKHOLQLCLLVHC654/","columna","Metro, 18-O e investigación","","https://blog.ariellopez.cl/columnas-de-opini%C3%B3n-244852c050ce","verificado",""
"2020-08-27","día","2020","SOCHITRAN","La profundidad de las estaciones","https://sochitran.cl/2020/08/27/la-profundidad-de-las-estaciones/","columna","Metro, estaciones profundas y experiencia de viaje","","https://blog.ariellopez.cl/columnas-de-opini%C3%B3n-244852c050ce","verificado",""
"2016-09-21","día","2016","Cooperativa","Día Mundial sin auto","https://opinion.cooperativa.cl/opinion/ciudades/dia-mundial-sin-auto/2016-09-21/155200.html","columna","movilidad sostenible y automóvil","","https://blog.ariellopez.cl/columnas-de-opini%C3%B3n-244852c050ce","verificado",""
"2016-07-02","día","2016","Cooperativa","El Chaleco Amarillo y las políticas públicas sin sustento","https://opinion.cooperativa.cl/opinion/politica/el-chaleco-amarillo-y-las-politicas-publicas-sin-sustento/2016-07-02/064408.html","columna","seguridad vial y evaluación de políticas públicas","","https://blog.ariellopez.cl/columnas-de-opini%C3%B3n-244852c050ce","verificado",""
